id_specification,specification,id_site,site,Month,goods_specy,goods_variety,nb_individus,Baseline_malt_yield_r2,Baseline_malt_dry_yield,Baseline_goods_weight,Baseline_goods_moisture,Baseline_malt_moisture,Baseline_electricity,Baseline_thermal,Baseline_FAN,Baseline_friabilite,Baseline_coloration_EBC,Baseline_betaG,Baseline_quality,created_at,updated_at,deleted_at
6,ABI2 6RH / LOUVAIN,1,ROUEN,1,6RH,,0,84.57907229019635,93.26111446384583,383.7767857142858,12.841071428571437,3.907142857142858,47.688821402109284,488.11683876243785,151.91785714285717,90.725,3.749642857142855,151.14285714285714,0.8250000000000002,,,
5,ABI4 / MUBEX 2P6,1,ROUEN,1,6RH,FARO,0,84.57907229019635,93.26111446384583,383.7767857142858,12.841071428571437,3.907142857142858,47.688821402109284,488.11683876243785,151.91785714285717,90.725,3.749642857142855,151.14285714285714,0.8250000000000002,,,
4,GLOBE / SACOFRINA 2RP,1,ROUEN,1,2RP,PLANET,26,85.11336848416963,93.17459484630186,384.5346153846154,12.342307692307696,4.053846153846154,47.81551814975997,487.24392652431186,161.51538461538465,90.18846153846152,3.8961538461538443,102.42307692307692,0.9153846153846157,,,
3,GLOBE / SACOFRINA 6RH,1,ROUEN,1,6RH,FARO,12,83.79143485801116,94.00760848428024,381.7916666666667,14.216666666666667,3.7583333333333333,49.70940083820056,472.11246105089555,133.65,92.60000000000001,3.5258333333333307,203.33333333333334,0.5666666666666667,,,
2,HEIN-A,1,ROUEN,1,2RP,PLANET,0,84.57907229019635,93.26111446384583,383.7767857142858,12.841071428571437,3.907142857142858,47.688821402109284,488.11683876243785,151.91785714285717,90.725,3.749642857142855,151.14285714285714,0.8250000000000002,,,
1,HEIN-C,1,ROUEN,1,6RH,FARO,18,84.33240274258064,92.88842456445305,384.0055555555555,12.64444444444444,3.7944444444444443,46.29364685711812,498.99721507136667,150.23333333333335,90.25000000000001,3.6872222222222195,186.72222222222223,0.8666666666666667,,,
14,EFES,1,ROUEN,1,2RP,PLANET,0,84.57907229019635,93.26111446384583,383.7767857142858,12.841071428571437,3.907142857142858,47.688821402109284,488.11683876243785,151.91785714285717,90.725,3.749642857142855,151.14285714285714,0.8250000000000002,,,
6,ABI2 6RH / LOUVAIN,1,ROUEN,2,6RH,,0,84.60098942270645,93.38313354393999,384.55555555555554,12.94603174603175,3.926984126984127,47.80640606528958,490.7273652891301,142.77301587301585,88.43365079365074,3.715396825396822,240.28571428571428,0.7714285714285711,,,
5,ABI4 / MUBEX 2P6,1,ROUEN,2,6RH,FARO,0,84.60098942270645,93.38313354393999,384.55555555555554,12.94603174603175,3.926984126984127,47.80640606528958,490.7273652891301,142.77301587301585,88.43365079365074,3.715396825396822,240.28571428571428,0.7714285714285711,,,
4,GLOBE / SACOFRINA 2RP,1,ROUEN,2,2RP,PLANET,17,84.61664540752078,92.54599313103431,384.71764705882345,12.21764705882353,4.0,44.25343796484581,504.6323238876351,156.1529411764706,89.83529411764707,3.8305882352941163,143.47058823529412,0.8588235294117648,,,
3,GLOBE / SACOFRINA 6RH,1,ROUEN,2,6RH,FARO,12,84.88245477308654,95.20918341584344,382.9166666666667,14.316666666666668,3.891666666666667,53.454392504682275,483.0219229272867,118.72499999999998,79.72916666666667,3.606666666666662,517.75,0.43333333333333335,,,
2,HEIN-A,1,ROUEN,2,2RP,PLANET,12,84.75577298925708,93.67019706280684,385.14166666666665,13.133333333333333,4.0,47.35430240637391,459.88967666654077,141.33333333333334,91.38333333333333,3.7783333333333293,135.16666666666666,0.7666666666666666,,,
1,HEIN-C,1,ROUEN,2,6RH,FARO,22,84.3509376615695,92.8774074680378,385.0045454545454,12.659090909090908,3.8499999999999996,48.17697829702666,498.22256121797705,146.33636363636364,90.48954545454546,3.6513636363636355,221.0909090909091,0.8909090909090911,,,
14,EFES,1,ROUEN,2,2RP,PLANET,0,84.60098942270645,93.38313354393999,384.55555555555554,12.94603174603175,3.926984126984127,47.80640606528958,490.7273652891301,142.77301587301585,88.43365079365074,3.715396825396822,240.28571428571428,0.7714285714285711,,,
6,ABI2 6RH / LOUVAIN,1,ROUEN,3,6RH,,0,84.66924091371305,93.52141028340809,384.6597014925372,12.905970149253738,3.813432835820895,47.99083547068978,477.1496549690825,146.72089552238808,90.60746268656715,3.6914925373134295,196.8955223880597,0.7850746268656718,,,
5,ABI4 / MUBEX 2P6,1,ROUEN,3,6RH,FARO,7,85.68745322201585,95.52296087888531,384.2714285714286,13.742857142857144,3.8428571428571425,51.08855543513013,453.5233790540956,144.77142857142854,89.44285714285714,3.768571428571423,296.14285714285717,0.6,,,
4,GLOBE / SACOFRINA 2RP,1,ROUEN,3,2RP,PLANET,17,85.20677804506809,92.69084865895046,385.62941176470594,11.800000000000002,4.052941176470589,42.912863083283675,472.2122382638167,161.11764705882354,90.49411764705883,3.617647058823529,91.88235294117646,0.9647058823529413,,,
3,GLOBE / SACOFRINA 6RH,1,ROUEN,3,6RH,FARO,8,84.44576817736183,94.46324621489299,384.02500000000003,13.875,3.6625,51.63086184565236,494.6916222911039,133.2,91.475,3.774999999999998,251.75,0.525,,,
2,HEIN-A,1,ROUEN,3,2RP,PLANET,0,84.66924091371305,93.52141028340809,384.6597014925372,12.905970149253738,3.813432835820895,47.99083547068978,477.1496549690825,146.72089552238808,90.60746268656715,3.6914925373134295,196.8955223880597,0.7850746268656718,,,
1,HEIN-C,1,ROUEN,3,6RH,FARO,35,84.2555884708461,93.30923902613836,384.41142857142864,13.054285714285713,3.725714285714286,48.82678721692254,481.61746401410335,143.20857142857145,90.69714285714285,3.6928571428571404,215.5142857142857,0.7942857142857146,,,
14,EFES,1,ROUEN,3,2RP,PLANET,0,84.66924091371305,93.52141028340809,384.6597014925372,12.905970149253738,3.813432835820895,47.99083547068978,477.1496549690825,146.72089552238808,90.60746268656715,3.6914925373134295,196.8955223880597,0.7850746268656718,,,
6,ABI2 6RH / LOUVAIN,1,ROUEN,4,6RH,,0,84.56798083896626,93.28406964447439,385.29342105263163,12.94276315789474,3.978947368421053,49.13211912127705,456.0297677791629,149.13026315789475,88.93092105263155,3.741052631578944,168.03947368421052,0.7526315789473684,,,
5,ABI4 / MUBEX 2P6,1,ROUEN,4,6RH,FARO,5,84.56798083896626,93.28406964447439,385.29342105263163,12.94276315789474,3.978947368421053,49.547351429866794,437.6435011253633,149.13026315789475,88.93092105263155,3.741052631578944,168.03947368421052,0.7526315789473684,,,
4,GLOBE / SACOFRINA 2RP,1,ROUEN,4,2RP,PLANET,17,84.5834110327286,92.42940182944284,385.55294117647054,12.241176470588233,4.105882352941176,46.628417497469236,460.30754075489125,160.69411764705885,90.21764705882352,3.8705882352941168,109.0,0.8941176470588237,,,
3,GLOBE / SACOFRINA 6RH,1,ROUEN,4,6RH,FARO,17,84.37235127013777,94.03667038696867,384.81176470588224,13.841176470588236,3.9705882352941178,49.97476144414243,440.4100040299361,139.75882352941176,91.7264705882353,3.447647058823527,229.35294117647058,0.5294117647058822,,,
2,HEIN-A,1,ROUEN,4,2RP,PLANET,8,84.63841418015213,93.11016433021638,385.21250000000003,12.850000000000001,4.137499999999999,48.404379063732414,452.6419417428929,146.45000000000002,90.77499999999999,3.6249999999999987,147.875,0.7499999999999999,,,
1,HEIN-C,1,ROUEN,4,6RH,FARO,25,84.8230965336843,93.28651621182428,385.4600000000001,12.573999999999998,3.86,49.578540468004036,464.3869485674811,146.996,87.456,3.5683999999999996,190.96,0.8400000000000003,,,
14,EFES,1,ROUEN,4,2RP,PLANET,0,84.56798083896626,93.28406964447439,385.29342105263163,12.94276315789474,3.978947368421053,49.13211912127705,456.0297677791629,149.13026315789475,88.93092105263155,3.741052631578944,168.03947368421052,0.7526315789473684,,,
6,ABI2 6RH / LOUVAIN,1,ROUEN,5,6RH,,0,84.73118146883805,93.35841272226808,384.95466666666675,12.937333333333335,4.078666666666666,49.816716578613736,429.91238768866833,147.4866666666667,89.05333333333331,3.561066666666665,198.93243243243242,0.7893333333333332,,,
5,ABI4 / MUBEX 2P6,1,ROUEN,5,6RH,FARO,17,84.66831848070574,93.36719791792476,385.5117647058824,13.117647058823527,4.194117647058824,49.08460183064672,414.045957381893,149.7058823529412,89.61176470588236,3.288235294117647,192.8235294117647,0.6588235294117646,,,
4,GLOBE / SACOFRINA 2RP,1,ROUEN,5,2RP,PLANET,8,84.98413215676396,92.27013969332269,385.6875,11.75,4.187499999999999,48.02480742408228,428.1373697686874,163.5,89.85000000000001,4.05,61.714285714285715,0.95,,,
3,GLOBE / SACOFRINA 6RH,1,ROUEN,5,6RH,FARO,14,84.60155134422988,93.81126667764474,385.42142857142863,13.442857142857141,4.021428571428571,51.119110713226995,437.9805752107425,140.05714285714288,90.13571428571427,3.6057142857142854,227.21428571428572,0.6142857142857141,,,
2,HEIN-A,1,ROUEN,5,2RP,PLANET,0,84.73118146883805,93.35841272226808,384.95466666666675,12.937333333333335,4.078666666666666,49.816716578613736,429.91238768866833,147.4866666666667,89.05333333333331,3.561066666666665,198.93243243243242,0.7893333333333332,,,
1,HEIN-C,1,ROUEN,5,6RH,FARO,36,84.75506721993132,93.41999273699386,384.34722222222223,12.919444444444444,4.022222222222222,50.06277454515498,444.4557658338812,145.7694444444445,88.19166666666665,3.563888888888887,217.5,0.8833333333333336,,,
14,EFES,1,ROUEN,5,2RP,PLANET,0,84.73118146883805,93.35841272226808,384.95466666666675,12.937333333333335,4.078666666666666,49.816716578613736,429.91238768866833,147.4866666666667,89.05333333333331,3.561066666666665,198.93243243243242,0.7893333333333332,,,
6,ABI2 6RH / LOUVAIN,1,ROUEN,6,6RH,,3,84.04857952480985,92.93688525155261,384.2166666666666,13.388333333333332,4.228333333333333,50.70627097228167,456.37006191418646,138.45423728813557,89.33500000000001,3.827249999999997,132.23666666666665,0.7633333333333335,,,
5,ABI4 / MUBEX 2P6,1,ROUEN,6,6RH,FARO,7,85.83152583745812,94.22683300691192,385.0428571428571,12.785714285714286,4.257142857142857,50.70627097228167,456.37006191418646,143.57142857142858,88.15714285714286,3.614285714285714,145.42857142857142,0.7142857142857142,,,
4,GLOBE / SACOFRINA 2RP,1,ROUEN,6,2RP,PLANET,3,84.04857952480985,92.93688525155261,384.2166666666666,13.388333333333332,4.228333333333333,50.70627097228167,456.37006191418646,138.45423728813557,89.33500000000001,3.827249999999997,132.23666666666665,0.7633333333333335,,,
3,GLOBE / SACOFRINA 6RH,1,ROUEN,6,6RH,FARO,11,84.10743727932021,92.96790492724777,384.5,13.254545454545452,4.118181818181818,50.352041833317884,456.16185005097174,140.79999999999998,87.69090909090909,3.736363636363636,147.0,0.7272727272727272,,,
2,HEIN-A,1,ROUEN,6,2RP,PLANET,12,84.53568740567437,92.75214274368143,384.85833333333335,12.841666666666667,4.366666666666666,48.44262704041555,439.96633548652215,139.9818181818182,88.29166666666667,4.283333333333332,83.35000000000001,0.6333333333333334,,,
1,HEIN-C,1,ROUEN,6,6RH,FARO,24,83.47045549066621,92.79411820528897,383.52500000000003,13.804166666666665,4.179166666666667,52.19457132976665,461.87973025495666,134.46250000000003,90.90833333333332,3.645624999999999,139.20833333333334,0.8666666666666667,,,
14,EFES,1,ROUEN,6,2RP,PLANET,0,84.04857952480985,92.93688525155261,384.2166666666666,13.388333333333332,4.228333333333333,50.70627097228167,456.37006191418646,138.45423728813557,89.33500000000001,3.827249999999997,132.23666666666665,0.7633333333333335,,,
6,ABI2 6RH / LOUVAIN,1,ROUEN,7,6RH,,0,83.5292403351438,92.19748909759986,384.34464285714296,13.239285714285733,4.239285714285715,49.72714528064009,461.85201056848786,142.66466883928572,89.4017857142857,3.9249999999999963,91.84107142857144,0.7357142857142857,,,
5,ABI4 / MUBEX 2P6,1,ROUEN,7,6RH,FARO,23,84.16771499738269,91.98277486543127,385.5,12.4304347826087,4.3,48.678945631059456,465.56581451957663,146.50093282608697,89.95652173913044,4.030434782608696,69.0,0.7217391304347828,,,
4,GLOBE / SACOFRINA 2RP,1,ROUEN,7,2RP,PLANET,6,82.76783987085237,91.20719509352357,384.4833333333333,13.183333333333335,4.333333333333333,49.72714528064009,461.85201056848786,146.28333333333333,82.09166666666667,4.349999999999999,49.666666666666664,0.7333333333333333,,,
3,GLOBE / SACOFRINA 6RH,1,ROUEN,7,6RH,FARO,10,83.2958955213863,93.05480997374124,382.55000000000007,14.290000000000001,4.25,51.22705100361823,453.8047914681177,131.76,86.905,3.799999999999996,157.5,0.5800000000000001,,,
2,HEIN-A,1,ROUEN,7,2RP,PLANET,1,83.5292403351438,92.19748909759986,384.34464285714296,13.239285714285733,4.239285714285715,49.72714528064009,461.85201056848786,142.66466883928572,89.4017857142857,3.9249999999999963,91.84107142857144,0.7357142857142857,,,
1,HEIN-C,1,ROUEN,7,6RH,FARO,16,83.08307832836992,92.39913356798384,383.85624999999993,13.775000000000064,4.10625,51.143361834918224,466.62679800143553,142.58124999999998,92.83125,3.6312499999999988,102.06875,0.8750000000000001,,,
14,EFES,1,ROUEN,7,2RP,PLANET,0,83.5292403351438,92.19748909759986,384.34464285714296,13.239285714285733,4.239285714285715,49.72714528064009,461.85201056848786,142.66466883928572,89.4017857142857,3.9249999999999963,91.84107142857144,0.7357142857142857,,,
6,ABI2 6RH / LOUVAIN,1,ROUEN,8,6RH,,0,83.75968007102135,91.60956377701524,385.10681818181826,12.436363636363637,4.231818181818182,48.20740450090033,473.92089901571484,149.44545454545454,91.01090909090908,4.213636363636361,111.97727272727273,0.7363636363636368,,,
5,ABI4 / MUBEX 2P6,1,ROUEN,8,6RH,FARO,28,83.6982894515334,91.62184839386614,385.45714285714286,12.521428571428569,4.239285714285714,46.012689823457855,482.8050380837306,156.39285714285714,90.92499999999998,4.339285714285714,74.57142857142857,0.7214285714285716,,,
4,GLOBE / SACOFRINA 2RP,1,ROUEN,8,2RP,PLANET,0,83.75968007102135,91.60956377701524,385.10681818181826,12.436363636363637,4.231818181818182,48.20740450090033,473.92089901571484,149.44545454545454,91.01090909090908,4.213636363636361,111.97727272727273,0.7363636363636368,,,
3,GLOBE / SACOFRINA 6RH,1,ROUEN,8,6RH,FARO,10,83.9892250180497,91.92312421830408,384.37000000000006,12.52,4.26,49.271888185454735,453.9620136845813,134.35000000000002,90.09799999999998,3.949999999999997,188.9,0.66,,,
2,HEIN-A,1,ROUEN,8,2RP,PLANET,0,83.75968007102135,91.60956377701524,385.10681818181826,12.436363636363637,4.231818181818182,48.20740450090033,473.92089901571484,149.44545454545454,91.01090909090908,4.213636363636361,111.97727272727273,0.7363636363636368,,,
1,HEIN-C,1,ROUEN,8,6RH,FARO,6,83.66359471691769,91.02963482956295,384.7,11.899999999999999,4.1499999999999995,50.54761695490104,474.47187211806505,142.1833333333333,92.93333333333334,4.066666666666662,158.33333333333334,0.9333333333333332,,,
14,EFES,1,ROUEN,8,2RP,PLANET,0,83.75968007102135,91.60956377701524,385.10681818181826,12.436363636363637,4.231818181818182,48.20740450090033,473.92089901571484,149.44545454545454,91.01090909090908,4.213636363636361,111.97727272727273,0.7363636363636368,,,
6,ABI2 6RH / LOUVAIN,1,ROUEN,9,6RH,,0,85.46191599027334,93.01613230211747,385.4030303030302,12.200000000000001,4.4393939393939394,52.742662499290134,462.5539981770522,147.21212121212122,87.29696969696967,3.7081818181818185,129.75757575757575,0.7515151515151517,,,
5,ABI4 / MUBEX 2P6,1,ROUEN,9,6RH,FARO,15,85.58405804166709,93.45948576066085,385.60666666666674,12.473333333333331,4.420000000000001,48.9400566948781,457.67252759093964,148.0,84.87333333333335,3.9733333333333336,152.2,0.6266666666666667,,,
4,GLOBE / SACOFRINA 2RP,1,ROUEN,9,2RP,PLANET,3,85.46191599027334,93.01613230211747,385.4030303030302,12.200000000000001,4.4393939393939394,57.81813602378823,467.2405859177012,147.21212121212122,87.29696969696967,3.7081818181818185,129.75757575757575,0.7515151515151517,,,
3,GLOBE / SACOFRINA 6RH,1,ROUEN,9,6RH,FARO,0,85.46191599027334,93.01613230211747,385.4030303030302,12.200000000000001,4.4393939393939394,52.742662499290134,462.5539981770522,147.21212121212122,87.29696969696967,3.7081818181818185,129.75757575757575,0.7515151515151517,,,
2,HEIN-A,1,ROUEN,9,2RP,PLANET,4,85.46191599027334,93.01613230211747,385.4030303030302,12.200000000000001,4.4393939393939394,52.742662499290134,462.5539981770522,147.21212121212122,87.29696969696967,3.7081818181818185,129.75757575757575,0.7515151515151517,,,
1,HEIN-C,1,ROUEN,9,6RH,FARO,11,84.76553518909486,92.19050896187531,385.22727272727275,12.109090909090908,4.409090909090909,58.28204190518518,471.6049833891315,143.54545454545453,90.99090909090908,3.6181818181818177,127.45454545454545,0.890909090909091,,,
14,EFES,1,ROUEN,9,2RP,PLANET,0,85.46191599027334,93.01613230211747,385.4030303030302,12.200000000000001,4.4393939393939394,52.742662499290134,462.5539981770522,147.21212121212122,87.29696969696967,3.7081818181818185,129.75757575757575,0.7515151515151517,,,
6,ABI2 6RH / LOUVAIN,1,ROUEN,10,6RH,,0,84.68808314643738,93.2493359830575,385.37027027027034,13.116216216216216,4.335135135135137,64.79944747414955,462.20274349616966,108.16756756756756,88.42648648648645,3.4636486486486455,198.8918918918919,0.6378378378378381,,,
5,ABI4 / MUBEX 2P6,1,ROUEN,10,6RH,FARO,13,85.28170100026871,93.82863905112815,385.7076923076923,12.99230769230769,4.269230769230768,53.559389576294485,470.5426373074969,133.55384615384617,85.83846153846154,3.278461538461536,281.61538461538464,0.5999999999999999,,,
4,GLOBE / SACOFRINA 2RP,1,ROUEN,10,2RP,PLANET,4,84.68808314643738,93.2493359830575,385.37027027027034,13.116216216216216,4.335135135135137,88.60165996391737,432.4856889987719,108.16756756756756,88.42648648648645,3.4636486486486455,198.8918918918919,0.6378378378378381,,,
3,GLOBE / SACOFRINA 6RH,1,ROUEN,10,6RH,FARO,3,84.68808314643738,93.2493359830575,385.37027027027034,13.116216216216216,4.335135135135137,91.25886539538052,490.63456771942725,108.16756756756756,88.42648648648645,3.4636486486486455,198.8918918918919,0.6378378378378381,,,
2,HEIN-A,1,ROUEN,10,2RP,PLANET,11,84.77773121228672,93.53067539754005,385.27272727272737,13.409090909090908,4.463636363636364,50.238335427118756,439.86894716066564,96.18181818181819,89.20727272727271,3.5863636363636306,169.0909090909091,0.6181818181818182,,,
1,HEIN-C,1,ROUEN,10,6RH,FARO,6,83.54934495266109,92.89992795976667,385.76666666666665,13.883333333333333,4.25,51.7339944775377,482.41510346371575,44.0,90.85000000000001,3.3808333333333316,173.0,0.7000000000000001,,,
14,EFES,1,ROUEN,10,2RP,PLANET,0,84.68808314643738,93.2493359830575,385.37027027027034,13.116216216216216,4.335135135135137,64.79944747414955,462.20274349616966,108.16756756756756,88.42648648648645,3.4636486486486455,198.8918918918919,0.6378378378378381,,,
6,ABI2 6RH / LOUVAIN,1,ROUEN,11,6RH,,0,84.44286485396313,92.90015160026586,385.47298456790134,12.890123456790128,4.1691358024691345,65.56045881186998,487.67200383357374,147.8506172839506,90.25185185185182,3.6333333333333315,126.90786419753087,0.7604938271604939,,,
5,ABI4 / MUBEX 2P6,1,ROUEN,11,6RH,FARO,10,85.65725405474333,93.91878081909621,386.29117499999995,12.84,4.44,65.56045881186998,487.67200383357374,147.98,90.35,3.413999999999998,117.7,0.6599999999999999,,,
4,GLOBE / SACOFRINA 2RP,1,ROUEN,11,2RP,PLANET,32,84.30330096797688,92.62611523802937,385.603125,12.909375,4.309374999999999,64.76131162520008,470.87612280255297,151.428125,91.71562499999996,3.9959374999999975,78.42303125,0.7125000000000004,,,
3,GLOBE / SACOFRINA 6RH,1,ROUEN,11,6RH,FARO,14,84.53390912814793,92.20752073542455,385.65,11.992857142857142,4.007142857142857,87.58392163357655,484.0854954138636,147.92857142857142,87.58571428571429,3.3142857142857136,195.42857142857142,0.7142857142857144,,,
2,HEIN-A,1,ROUEN,11,2RP,PLANET,0,84.44286485396313,92.90015160026586,385.47298456790134,12.890123456790128,4.1691358024691345,65.56045881186998,487.67200383357374,147.8506172839506,90.25185185185182,3.6333333333333315,126.90786419753087,0.7604938271604939,,,
1,HEIN-C,1,ROUEN,11,6RH,FARO,25,84.08476615416988,93.23133974070747,384.88,13.387999999999998,3.9719999999999995,62.83415443229349,505.4899048266093,143.176,89.83200000000001,3.4355999999999995,154.28,0.8880000000000002,,,
14,EFES,1,ROUEN,11,2RP,PLANET,0,84.44286485396313,92.90015160026586,385.47298456790134,12.890123456790128,4.1691358024691345,65.56045881186998,487.67200383357374,147.8506172839506,90.25185185185182,3.6333333333333315,126.90786419753087,0.7604938271604939,,,
6,ABI2 6RH / LOUVAIN,1,ROUEN,12,6RH,,0,84.56600390944176,92.98914689034794,384.9756410256409,12.770512820512824,4.084615384615385,45.95933632857052,485.6818523152726,148.5115384615384,90.41282051282052,3.6281410256410234,155.17307692307693,0.7615384615384615,,,
5,ABI4 / MUBEX 2P6,1,ROUEN,12,6RH,FARO,0,84.56600390944176,92.98914689034794,384.9756410256409,12.770512820512824,4.084615384615385,45.95933632857052,485.6818523152726,148.5115384615384,90.41282051282052,3.6281410256410234,155.17307692307693,0.7615384615384615,,,
4,GLOBE / SACOFRINA 2RP,1,ROUEN,12,2RP,PLANET,36,84.87216442879472,92.82090108377604,384.7666666666667,12.347222222222225,4.138888888888889,44.29673928577418,479.72084651976627,153.72222222222217,90.50277777777775,3.739166666666664,116.25,0.8055555555555561,,,
3,GLOBE / SACOFRINA 6RH,1,ROUEN,12,6RH,FARO,11,83.86155422911229,93.16416795899278,383.1454545454546,13.545454545454545,3.9545454545454546,51.2060363334789,498.5555612384365,143.66363636363636,91.11363636363639,3.529999999999994,212.13636363636363,0.6,,,
2,HEIN-A,1,ROUEN,12,2RP,PLANET,6,86.05032980262227,93.5288412262836,386.31666666666666,11.966666666666669,4.316666666666666,45.95933632857052,485.6818523152726,146.5,85.05000000000001,3.3333333333333326,160.83333333333334,0.7999999999999999,,,
1,HEIN-C,1,ROUEN,12,6RH,FARO,21,84.06753175923197,92.9131342951568,385.7142857142858,13.157142857142855,4.0285714285714285,45.57498515793724,493.23773407266305,143.9809523809524,90.1690476190476,3.4773809523809494,211.38095238095238,0.7904761904761907,,,
14,EFES,1,ROUEN,12,2RP,PLANET,0,84.56600390944176,92.98914689034794,384.9756410256409,12.770512820512824,4.084615384615385,45.95933632857052,485.6818523152726,148.5115384615384,90.41282051282052,3.6281410256410234,155.17307692307693,0.7615384615384615,,,
33,Diekirch /Louvain 6RH,2,Nogent,1,6RH,FARO,7,83.60942970394017,92.88009891604312,580.0169999999999,13.37142857142857,3.771428571428572,,,,,,,,,,
38,SAB   6RH,2,Nogent,1,,,7,83.60942970394017,92.88009891604312,580.0169999999999,13.37142857142857,3.771428571428572,,,,,,,,,,
25,Asahi,2,Nogent,1,2RP,PLANET,18,84.70836356834782,92.91568227808979,587.5166666666667,12.522222222222222,4.066666666666666,,,,,,,,,,
26,Champigneulles 6 RH,2,Nogent,1,6RH,DEMENTIEL,2,84.45412816845126,92.71161648142862,585.1107040816328,12.532653061224488,3.992857142857143,,,,,,,,,,
34,Star Algérie 6RH,2,Nogent,1,6RH,FARO,2,84.45412816845126,92.71161648142862,585.1107040816328,12.532653061224488,3.992857142857143,,,,,,,,,,
43,Sacofrina / Globe,2,Nogent,1,6RH,FARO,6,83.88336760485753,91.54915367843971,590.8336666666667,11.916666666666664,3.8833333333333333,,,,,,,,,,
31,EFES 2RP,2,Nogent,1,2RP,THALIS,6,83.88336760485753,91.54915367843971,590.8336666666667,11.916666666666664,3.8833333333333333,,,,,,,,,,
28,SFBT 2RP,2,Nogent,1,2RP,FANTEX,6,83.88336760485753,91.54915367843971,590.8336666666667,11.916666666666664,3.8833333333333333,,,,,,,,,,
29,Heineken A,2,Nogent,1,2RP,TOSCA,8,84.82154883022321,92.92184681359439,591.88475,12.325000000000001,3.9624999999999995,,,,,,,,,,
30,Heineken C,2,Nogent,1,6RH,HIRONDELLA,53,84.33019807225791,92.71379042970283,582.0797358490568,12.67735849056604,4.007547169811321,,,,,,,,,,
23,Diekirch 2RP,2,Nogent,1,,,0,84.45412816845126,92.71161648142862,585.1107040816328,12.532653061224488,3.992857142857143,,,,,,,,,,
59,STANDARD,2,Nogent,1,,,0,84.45412816845126,92.71161648142862,585.1107040816328,12.532653061224488,3.992857142857143,,,,,,,,,,
33,Diekirch /Louvain 6RH,2,Nogent,2,6RH,FARO,2,84.36812600851583,91.64423590100044,589.1072131147541,11.613114754098362,3.990163934426231,,,,,,,,,,
38,SAB   6RH,2,Nogent,2,,,2,84.36812600851583,91.64423590100044,589.1072131147541,11.613114754098362,3.990163934426231,,,,,,,,,,
25,Asahi,2,Nogent,2,2RP,PLANET,10,85.48732030069193,92.49487445467638,593.4947999999999,11.47,4.209999999999999,,,,,,,,,,
26,Champigneulles 6 RH,2,Nogent,2,6RH,DEMENTIEL,3,84.36812600851583,91.64423590100044,589.1072131147541,11.613114754098362,3.990163934426231,,,,,,,,,,
34,Star Algérie 6RH,2,Nogent,2,6RH,FARO,3,84.36812600851583,91.64423590100044,589.1072131147541,11.613114754098362,3.990163934426231,,,,,,,,,,
43,Sacofrina / Globe,2,Nogent,2,6RH,FARO,8,83.18745373929436,90.04372428992708,594.9925000000001,11.287500000000001,3.9749999999999996,,,,,,,,,,
31,EFES 2RP,2,Nogent,2,2RP,THALIS,8,83.18745373929436,90.04372428992708,594.9925000000001,11.287500000000001,3.9749999999999996,,,,,,,,,,
28,SFBT 2RP,2,Nogent,2,2RP,FANTEX,8,83.18745373929436,90.04372428992708,594.9925000000001,11.287500000000001,3.9749999999999996,,,,,,,,,,
29,Heineken A,2,Nogent,2,2RP,TOSCA,3,84.36812600851583,91.64423590100044,589.1072131147541,11.613114754098362,3.990163934426231,,,,,,,,,,
30,Heineken C,2,Nogent,2,6RH,HIRONDELLA,33,84.33494639207855,91.75200905812873,585.6155454545454,11.715151515151517,3.9515151515151516,,,,,,,,,,
23,Diekirch 2RP,2,Nogent,2,,,0,84.36812600851583,91.64423590100044,589.1072131147541,11.613114754098362,3.990163934426231,,,,,,,,,,
59,STANDARD,2,Nogent,2,,,0,84.36812600851583,91.64423590100044,589.1072131147541,11.613114754098362,3.990163934426231,,,,,,,,,,
33,Diekirch /Louvain 6RH,2,Nogent,3,6RH,FARO,2,84.38065627936693,92.76565271341353,585.2424719101123,12.607865168539325,3.941573033707869,,,,,,,,,,
38,SAB   6RH,2,Nogent,3,,,2,84.38065627936693,92.76565271341353,585.2424719101123,12.607865168539325,3.941573033707869,,,,,,,,,,
25,Asahi,2,Nogent,3,2RP,PLANET,11,84.92141986691924,92.79889620385102,588.6426363636363,12.181818181818182,4.054545454545455,,,,,,,,,,
26,Champigneulles 6 RH,2,Nogent,3,6RH,DEMENTIEL,8,84.48404488886004,93.51177500948151,585.0050000000001,13.224999999999998,3.9625000000000004,,,,,,,,,,
34,Star Algérie 6RH,2,Nogent,3,6RH,FARO,8,84.48404488886004,93.51177500948151,585.0050000000001,13.224999999999998,3.9625000000000004,,,,,,,,,,
43,Sacofrina / Globe,2,Nogent,3,6RH,FARO,4,84.38065627936693,92.76565271341353,585.2424719101123,12.607865168539325,3.941573033707869,,,,,,,,,,
31,EFES 2RP,2,Nogent,3,2RP,THALIS,4,84.38065627936693,92.76565271341353,585.2424719101123,12.607865168539325,3.941573033707869,,,,,,,,,,
28,SFBT 2RP,2,Nogent,3,2RP,FANTEX,4,84.38065627936693,92.76565271341353,585.2424719101123,12.607865168539325,3.941573033707869,,,,,,,,,,
29,Heineken A,2,Nogent,3,2RP,TOSCA,7,84.61506065396624,92.68764571982969,590.0162857142857,12.2,3.842857142857143,,,,,,,,,,
30,Heineken C,2,Nogent,3,6RH,HIRONDELLA,52,84.18056246243148,92.76220297576796,582.3168653846154,12.769230769230772,3.8961538461538483,,,,,,,,,,
23,Diekirch 2RP,2,Nogent,3,,,0,84.38065627936693,92.76565271341353,585.2424719101123,12.607865168539325,3.941573033707869,,,,,,,,,,
59,STANDARD,2,Nogent,3,,,0,84.38065627936693,92.76565271341353,585.2424719101123,12.607865168539325,3.941573033707869,,,,,,,,,,
33,Diekirch /Louvain 6RH,2,Nogent,4,6RH,FARO,1,84.44806718142036,92.5136324111103,585.6295312499998,12.303125000000001,3.9395833333333354,,,,,,,,,,
38,SAB   6RH,2,Nogent,4,,,1,84.44806718142036,92.5136324111103,585.6295312499998,12.303125000000001,3.9395833333333354,,,,,,,,,,
25,Asahi,2,Nogent,4,2RP,PLANET,21,84.4171458532937,92.24370306667063,587.1416190476191,12.057142857142859,3.9190476190476184,,,,,,,,,,
26,Champigneulles 6 RH,2,Nogent,4,6RH,DEMENTIEL,6,84.55143019215926,93.57961567413076,583.3628333333334,13.166666666666666,3.9,,,,,,,,,,
34,Star Algérie 6RH,2,Nogent,4,6RH,FARO,6,84.55143019215926,93.57961567413076,583.3628333333334,13.166666666666666,3.9,,,,,,,,,,
43,Sacofrina / Globe,2,Nogent,4,6RH,FARO,3,84.44806718142036,92.5136324111103,585.6295312499998,12.303125000000001,3.9395833333333354,,,,,,,,,,
31,EFES 2RP,2,Nogent,4,2RP,THALIS,3,84.44806718142036,92.5136324111103,585.6295312499998,12.303125000000001,3.9395833333333354,,,,,,,,,,
28,SFBT 2RP,2,Nogent,4,2RP,FANTEX,3,84.44806718142036,92.5136324111103,585.6295312499998,12.303125000000001,3.9395833333333354,,,,,,,,,,
29,Heineken A,2,Nogent,4,2RP,TOSCA,9,83.86987153970766,91.20800247042315,590.0177777777778,11.766666666666667,4.0555555555555545,,,,,,,,,,
30,Heineken C,2,Nogent,4,6RH,HIRONDELLA,52,84.50157658158375,92.7330110648679,584.0380192307691,12.450000000000001,3.9307692307692323,,,,,,,,,,
23,Diekirch 2RP,2,Nogent,4,,,0,84.44806718142036,92.5136324111103,585.6295312499998,12.303125000000001,3.9395833333333354,,,,,,,,,,
59,STANDARD,2,Nogent,4,,,0,84.44806718142036,92.5136324111103,585.6295312499998,12.303125000000001,3.9395833333333354,,,,,,,,,,
33,Diekirch /Louvain 6RH,2,Nogent,5,6RH,FARO,8,83.0897163107132,91.5412602484049,579.994875,12.825,3.975,,,,,,,,,,
38,SAB   6RH,2,Nogent,5,,,8,83.0897163107132,91.5412602484049,579.994875,12.825,3.975,,,,,,,,,,
25,Asahi,2,Nogent,5,2RP,PLANET,17,85.0152669508263,93.12170655368384,585.3071176470587,12.476470588235294,4.141176470588236,,,,,,,,,,
26,Champigneulles 6 RH,2,Nogent,5,6RH,DEMENTIEL,6,84.74548091052192,93.87016370461248,583.343,13.299999999999999,3.966666666666667,,,,,,,,,,
34,Star Algérie 6RH,2,Nogent,5,6RH,FARO,6,84.74548091052192,93.87016370461248,583.343,13.299999999999999,3.966666666666667,,,,,,,,,,
43,Sacofrina / Globe,2,Nogent,5,6RH,FARO,2,84.46800790140036,92.53945595324494,585.108181818182,12.415656565656562,4.0565656565656525,,,,,,,,,,
31,EFES 2RP,2,Nogent,5,2RP,THALIS,2,84.46800790140036,92.53945595324494,585.108181818182,12.415656565656562,4.0565656565656525,,,,,,,,,,
28,SFBT 2RP,2,Nogent,5,2RP,FANTEX,2,84.46800790140036,92.53945595324494,585.108181818182,12.415656565656562,4.0565656565656525,,,,,,,,,,
29,Heineken A,2,Nogent,5,2RP,TOSCA,15,84.24109796844644,91.50296256820717,590.3499333333333,11.673333333333336,4.073333333333333,,,,,,,,,,
30,Heineken C,2,Nogent,5,6RH,HIRONDELLA,44,84.516959275685,92.51409744708975,584.5498409090908,12.338636363636361,4.050000000000002,,,,,,,,,,
23,Diekirch 2RP,2,Nogent,5,,,0,84.46800790140036,92.53945595324494,585.108181818182,12.415656565656562,4.0565656565656525,,,,,,,,,,
59,STANDARD,2,Nogent,5,,,0,84.46800790140036,92.53945595324494,585.108181818182,12.415656565656562,4.0565656565656525,,,,,,,,,,
33,Diekirch /Louvain 6RH,2,Nogent,6,6RH,FARO,11,82.93633087418311,91.51152837009839,580.0110909090909,13.20909090909091,4.254545454545455,,,,,,,,,,
38,SAB   6RH,2,Nogent,6,,,11,82.93633087418311,91.51152837009839,580.0110909090909,13.20909090909091,4.254545454545455,,,,,,,,,,
25,Asahi,2,Nogent,6,2RP,PLANET,14,84.58125199959792,92.12758270673943,586.0898571428571,12.185714285714287,4.357142857142858,,,,,,,,,,
26,Champigneulles 6 RH,2,Nogent,6,6RH,DEMENTIEL,4,83.82305777170016,91.72781687592081,584.8897411764707,12.477882352941172,4.230588235294115,,,,,,,,,,
34,Star Algérie 6RH,2,Nogent,6,6RH,FARO,4,83.82305777170016,91.72781687592081,584.8897411764707,12.477882352941172,4.230588235294115,,,,,,,,,,
43,Sacofrina / Globe,2,Nogent,6,6RH,FARO,6,83.36095499153261,91.2486137765466,586.668,12.533333333333333,4.283333333333333,,,,,,,,,,
31,EFES 2RP,2,Nogent,6,2RP,THALIS,6,83.36095499153261,91.2486137765466,586.668,12.533333333333333,4.283333333333333,,,,,,,,,,
28,SFBT 2RP,2,Nogent,6,2RP,FANTEX,6,83.36095499153261,91.2486137765466,586.668,12.533333333333333,4.283333333333333,,,,,,,,,,
29,Heineken A,2,Nogent,6,2RP,TOSCA,9,84.83357348983517,92.36120219087087,588.9105555555556,12.155555555555555,4.366666666666667,,,,,,,,,,
30,Heineken C,2,Nogent,6,6RH,HIRONDELLA,38,83.59703825211407,91.53280227148333,584.4725789473687,12.44263157894737,4.13421052631579,,,,,,,,,,
23,Diekirch 2RP,2,Nogent,6,,,0,83.82305777170016,91.72781687592081,584.8897411764707,12.477882352941172,4.230588235294115,,,,,,,,,,
59,STANDARD,2,Nogent,6,,,0,83.82305777170016,91.72781687592081,584.8897411764707,12.477882352941172,4.230588235294115,,,,,,,,,,
33,Diekirch /Louvain 6RH,2,Nogent,7,6RH,FARO,3,83.36709973594083,91.33970517823363,585.0531134020622,12.512371134020615,4.149484536082469,,,,,,,,,,
38,SAB   6RH,2,Nogent,7,,,3,83.36709973594083,91.33970517823363,585.0531134020622,12.512371134020615,4.149484536082469,,,,,,,,,,
25,Asahi,2,Nogent,7,2RP,PLANET,14,83.7644818958292,91.54913719707069,585.7209285714287,12.285714285714286,4.135714285714285,,,,,,,,,,
26,Champigneulles 6 RH,2,Nogent,7,6RH,DEMENTIEL,10,83.2553444353545,91.8905122114372,585.9947,13.0,3.9799999999999995,,,,,,,,,,
34,Star Algérie 6RH,2,Nogent,7,6RH,FARO,10,83.2553444353545,91.8905122114372,585.9947,13.0,3.9799999999999995,,,,,,,,,,
43,Sacofrina / Globe,2,Nogent,7,6RH,FARO,12,83.834173956489,91.09408327793254,589.167,11.733333333333334,4.1,,,,,,,,,,
31,EFES 2RP,2,Nogent,7,2RP,THALIS,12,83.834173956489,91.09408327793254,589.167,11.733333333333334,4.1,,,,,,,,,,
28,SFBT 2RP,2,Nogent,7,2RP,FANTEX,12,83.834173956489,91.09408327793254,589.167,11.733333333333334,4.1,,,,,,,,,,
29,Heineken A,2,Nogent,7,2RP,TOSCA,7,83.83078232334026,91.34375217634816,588.5768571428572,12.142857142857142,4.271428571428571,,,,,,,,,,
30,Heineken C,2,Nogent,7,6RH,HIRONDELLA,49,83.19968211934182,91.37385805757401,583.4702448979593,12.732653061224488,4.1591836734693866,,,,,,,,,,
23,Diekirch 2RP,2,Nogent,7,,,0,83.36709973594083,91.33970517823363,585.0531134020622,12.512371134020615,4.149484536082469,,,,,,,,,,
59,STANDARD,2,Nogent,7,,,0,83.36709973594083,91.33970517823363,585.0531134020622,12.512371134020615,4.149484536082469,,,,,,,,,,
33,Diekirch /Louvain 6RH,2,Nogent,8,6RH,FARO,4,83.46490421098254,91.74972858860981,582.3445312499999,12.701562500000001,4.037500000000001,,,,,,,,,,
38,SAB   6RH,2,Nogent,8,,,4,83.46490421098254,91.74972858860981,582.3445312499999,12.701562500000001,4.037500000000001,,,,,,,,,,
25,Asahi,2,Nogent,8,2RP,PLANET,12,83.69255531772224,91.45373489344517,585.0075000000002,12.158333333333333,4.016666666666667,,,,,,,,,,
26,Champigneulles 6 RH,2,Nogent,8,6RH,DEMENTIEL,2,83.46490421098254,91.74972858860981,582.3445312499999,12.701562500000001,4.037500000000001,,,,,,,,,,
34,Star Algérie 6RH,2,Nogent,8,6RH,FARO,2,83.46490421098254,91.74972858860981,582.3445312499999,12.701562500000001,4.037500000000001,,,,,,,,,,
43,Sacofrina / Globe,2,Nogent,8,6RH,FARO,6,83.44533291096748,91.51290402523192,585.004,12.583333333333334,4.133333333333333,,,,,,,,,,
31,EFES 2RP,2,Nogent,8,2RP,THALIS,6,83.44533291096748,91.51290402523192,585.004,12.583333333333334,4.133333333333333,,,,,,,,,,
28,SFBT 2RP,2,Nogent,8,2RP,FANTEX,6,83.44533291096748,91.51290402523192,585.004,12.583333333333334,4.133333333333333,,,,,,,,,,
29,Heineken A,2,Nogent,8,2RP,TOSCA,8,83.49115068406576,91.23369193064292,584.990375,12.2125,4.075,,,,,,,,,,
30,Heineken C,2,Nogent,8,6RH,HIRONDELLA,30,83.27750496432688,91.92253403788183,580.0005,13.030000000000003,4.0,,,,,,,,,,
23,Diekirch 2RP,2,Nogent,8,,,0,83.46490421098254,91.74972858860981,582.3445312499999,12.701562500000001,4.037500000000001,,,,,,,,,,
59,STANDARD,2,Nogent,8,,,0,83.46490421098254,91.74972858860981,582.3445312499999,12.701562500000001,4.037500000000001,,,,,,,,,,
33,Diekirch /Louvain 6RH,2,Nogent,9,6RH,FARO,7,83.75690827261872,91.61395932869247,581.4307142857142,12.342857142857142,4.128571428571428,,,,,,,,,,
38,SAB   6RH,2,Nogent,9,,,7,83.75690827261872,91.61395932869247,581.4307142857142,12.342857142857142,4.128571428571428,,,,,,,,,,
25,Asahi,2,Nogent,9,2RP,PLANET,13,84.36452106753141,91.70298786988656,586.5453076923077,11.784615384615385,4.115384615384615,,,,,,,,,,
26,Champigneulles 6 RH,2,Nogent,9,6RH,DEMENTIEL,2,83.80136206881282,91.7509145370549,583.0450309278349,12.4958762886598,4.201030927835052,,,,,,,,,,
34,Star Algérie 6RH,2,Nogent,9,6RH,FARO,2,83.80136206881282,91.7509145370549,583.0450309278349,12.4958762886598,4.201030927835052,,,,,,,,,,
43,Sacofrina / Globe,2,Nogent,9,6RH,FARO,21,83.80354174970725,91.5869275065238,585.4892380952382,12.395238095238096,4.261904761904761,,,,,,,,,,
31,EFES 2RP,2,Nogent,9,2RP,THALIS,21,83.80354174970725,91.5869275065238,585.4892380952382,12.395238095238096,4.261904761904761,,,,,,,,,,
28,SFBT 2RP,2,Nogent,9,2RP,FANTEX,21,83.80354174970725,91.5869275065238,585.4892380952382,12.395238095238096,4.261904761904761,,,,,,,,,,
29,Heineken A,2,Nogent,9,2RP,TOSCA,9,84.51412910017615,91.42765955289221,588.3335555555554,11.600000000000001,4.366666666666667,,,,,,,,,,
30,Heineken C,2,Nogent,9,6RH,HIRONDELLA,45,83.53299024489075,91.9139315632863,580.221488888889,12.90222222222222,4.171111111111111,,,,,,,,,,
23,Diekirch 2RP,2,Nogent,9,,,0,83.80136206881282,91.7509145370549,583.0450309278349,12.4958762886598,4.201030927835052,,,,,,,,,,
59,STANDARD,2,Nogent,9,,,0,83.80136206881282,91.7509145370549,583.0450309278349,12.4958762886598,4.201030927835052,,,,,,,,,,
33,Diekirch /Louvain 6RH,2,Nogent,10,6RH,FARO,10,83.69421726742611,91.68844750117374,582.2154,12.58,4.24,,,,,,,,,,
38,SAB   6RH,2,Nogent,10,,,10,83.69421726742611,91.68844750117374,582.2154,12.58,4.24,,,,,,,,,,
25,Asahi,2,Nogent,10,2RP,PLANET,10,84.63947407743456,92.33116090224023,586.5120999999998,12.27,4.3,,,,,,,,,,
26,Champigneulles 6 RH,2,Nogent,10,6RH,DEMENTIEL,0,84.03558768954876,92.38873998744167,583.2966060606061,12.846464646464653,4.191919191919193,,,,,,,,,,
34,Star Algérie 6RH,2,Nogent,10,6RH,FARO,0,84.03558768954876,92.38873998744167,583.2966060606061,12.846464646464653,4.191919191919193,,,,,,,,,,
43,Sacofrina / Globe,2,Nogent,10,6RH,FARO,18,83.93838557647322,92.97277154247544,584.4754444444445,13.327777777777778,4.0,,,,,,,,,,
31,EFES 2RP,2,Nogent,10,2RP,THALIS,18,83.93838557647322,92.97277154247544,584.4754444444445,13.327777777777778,4.0,,,,,,,,,,
28,SFBT 2RP,2,Nogent,10,2RP,FANTEX,18,83.93838557647322,92.97277154247544,584.4754444444445,13.327777777777778,4.0,,,,,,,,,,
29,Heineken A,2,Nogent,10,2RP,TOSCA,12,84.88951659197103,92.06784803201818,591.2550833333333,11.691666666666665,4.233333333333333,,,,,,,,,,
30,Heineken C,2,Nogent,10,6RH,HIRONDELLA,48,83.78912800234443,92.4029901439473,580.3847291666667,13.15208333333333,4.233333333333333,,,,,,,,,,
23,Diekirch 2RP,2,Nogent,10,,,0,84.03558768954876,92.38873998744167,583.2966060606061,12.846464646464653,4.191919191919193,,,,,,,,,,
59,STANDARD,2,Nogent,10,,,0,84.03558768954876,92.38873998744167,583.2966060606061,12.846464646464653,4.191919191919193,,,,,,,,,,
33,Diekirch /Louvain 6RH,2,Nogent,11,6RH,FARO,7,83.68436980009385,91.78998136197825,584.2735714285714,12.442857142857141,3.9714285714285715,,,,,,,,,,
38,SAB   6RH,2,Nogent,11,,,7,83.68436980009385,91.78998136197825,584.2735714285714,12.442857142857141,3.9714285714285715,,,,,,,,,,
25,Asahi,2,Nogent,11,2RP,PLANET,13,84.2302270864787,92.29344382747219,587.1537692307692,12.453846153846152,4.084615384615384,,,,,,,,,,
26,Champigneulles 6 RH,2,Nogent,11,6RH,DEMENTIEL,2,84.12137600651504,92.30160132137856,584.0194374999999,12.551979166666667,4.058333333333329,,,,,,,,,,
34,Star Algérie 6RH,2,Nogent,11,6RH,FARO,2,84.12137600651504,92.30160132137856,584.0194374999999,12.551979166666667,4.058333333333329,,,,,,,,,,
43,Sacofrina / Globe,2,Nogent,11,6RH,FARO,15,84.1650475060702,92.23418056964498,587.4379333333333,12.386000000000001,3.9999999999999996,,,,,,,,,,
31,EFES 2RP,2,Nogent,11,2RP,THALIS,15,84.1650475060702,92.23418056964498,587.4379333333333,12.386000000000001,3.9999999999999996,,,,,,,,,,
28,SFBT 2RP,2,Nogent,11,2RP,FANTEX,15,84.1650475060702,92.23418056964498,587.4379333333333,12.386000000000001,3.9999999999999996,,,,,,,,,,
29,Heineken A,2,Nogent,11,2RP,TOSCA,9,84.8322405530827,92.38985701936207,591.145,11.922222222222222,4.0777777777777775,,,,,,,,,,
30,Heineken C,2,Nogent,11,6RH,HIRONDELLA,50,83.9983446445343,92.4006574222584,580.90218,12.783999999999999,4.07,,,,,,,,,,
23,Diekirch 2RP,2,Nogent,11,,,0,84.12137600651504,92.30160132137856,584.0194374999999,12.551979166666667,4.058333333333329,,,,,,,,,,
59,STANDARD,2,Nogent,11,,,0,84.12137600651504,92.30160132137856,584.0194374999999,12.551979166666667,4.058333333333329,,,,,,,,,,
33,Diekirch /Louvain 6RH,2,Nogent,12,6RH,FARO,5,84.65997442160041,92.72898787641371,584.962076923077,12.378846153846151,4.040384615384613,,,,,,,,,,
38,SAB   6RH,2,Nogent,12,,,5,84.65997442160041,92.72898787641371,584.962076923077,12.378846153846151,4.040384615384613,,,,,,,,,,
25,Asahi,2,Nogent,12,2RP,PLANET,11,84.91656319502121,92.49472623827116,590.1869999999999,11.909090909090908,4.054545454545455,,,,,,,,,,
26,Champigneulles 6 RH,2,Nogent,12,6RH,DEMENTIEL,0,84.65997442160041,92.72898787641371,584.962076923077,12.378846153846151,4.040384615384613,,,,,,,,,,
34,Star Algérie 6RH,2,Nogent,12,6RH,FARO,0,84.65997442160041,92.72898787641371,584.962076923077,12.378846153846151,4.040384615384613,,,,,,,,,,
43,Sacofrina / Globe,2,Nogent,12,6RH,FARO,17,84.82467425336847,92.7964882327327,588.0687647058824,12.270588235294115,4.041176470588234,,,,,,,,,,
31,EFES 2RP,2,Nogent,12,2RP,THALIS,17,84.82467425336847,92.7964882327327,588.0687647058824,12.270588235294115,4.041176470588234,,,,,,,,,,
28,SFBT 2RP,2,Nogent,12,2RP,FANTEX,17,84.82467425336847,92.7964882327327,588.0687647058824,12.270588235294115,4.041176470588234,,,,,,,,,,
29,Heineken A,2,Nogent,12,2RP,TOSCA,11,84.37711230338783,91.46330641248551,594.569818181818,11.490909090909092,4.0636363636363635,,,,,,,,,,
30,Heineken C,2,Nogent,12,6RH,HIRONDELLA,58,84.59513682157706,92.922877047346,581.2313448275864,12.632758620689662,4.043103448275863,,,,,,,,,,
23,Diekirch 2RP,2,Nogent,12,,,0,84.65997442160041,92.72898787641371,584.962076923077,12.378846153846151,4.040384615384613,,,,,,,,,,
59,STANDARD,2,Nogent,12,,,0,84.65997442160041,92.72898787641371,584.962076923077,12.378846153846151,4.040384615384613,,,,,,,,,,
20,CARLSBERG 6RH,3,POLISY,1,6RH,FARO,40,85.36066369964622,94.28698930231928,187.11579999999998,12.985,3.88075,149.0,505.0,,,,,,,,
17,HEINEKEN A 2RP PILSEN,3,POLISY,1,2RP,TOSCA,5,85.37754490256017,94.02164990714525,186.72890566037736,12.790566037735848,3.9562264150943407,149.0,505.0,,,,,,,,
49,HEINEKEN A 2RP PILSEN,3,POLISY,1,2RP,TOSCA,5,85.37754490256017,94.02164990714525,186.72890566037736,12.790566037735848,3.9562264150943407,149.0,505.0,,,,,,,,
52,HEINEKEN A 2RP PILSEN,3,POLISY,1,2RP,TOSCA,5,85.37754490256017,94.02164990714525,186.72890566037736,12.790566037735848,3.9562264150943407,149.0,505.0,,,,,,,,
15,HEINEKEN C 6RH PILSEN,3,POLISY,1,6RH,FARO,40,85.36066369964622,94.28698930231928,187.11579999999998,12.985,3.88075,149.0,505.0,,,,,,,,
45,HEINEKEN C 6RH PILSEN,3,POLISY,1,6RH,FARO,40,85.36066369964622,94.28698930231928,187.11579999999998,12.985,3.88075,149.0,505.0,,,,,,,,
51,HEINEKEN C 6RH PILSEN,3,POLISY,1,6RH,FARO,40,85.36066369964622,94.28698930231928,187.11579999999998,12.985,3.88075,149.0,505.0,,,,,,,,
16,SAPPORO 2RP PILSEN,3,POLISY,1,2RP,PLANET,8,85.53776065508525,93.01621965110976,186.0,11.9625,4.25625,149.0,505.0,,,,,,,,
19,STANDARD/BIO 2RP,3,POLISY,1,2RP,PLANET,0,85.37754490256017,94.02164990714525,186.72890566037736,12.790566037735848,3.9562264150943407,149.0,505.0,,,,,,,,
54,STANDARD/BIO 2RP,3,POLISY,1,2RP,PLANET,0,85.37754490256017,94.02164990714525,186.72890566037736,12.790566037735848,3.9562264150943407,149.0,505.0,,,,,,,,
20,CARLSBERG 6RH,3,POLISY,2,6RH,FARO,34,85.8733153689128,94.58897509576575,187.2058823529412,12.794117647058826,3.941764705882353,129.5,486.0,,,,,,,,
17,HEINEKEN A 2RP PILSEN,3,POLISY,2,2RP,TOSCA,0,85.71660569778881,93.95321164683676,186.92156862745097,12.476470588235296,4.07156862745098,129.5,486.0,,,,,,,,
49,HEINEKEN A 2RP PILSEN,3,POLISY,2,2RP,TOSCA,0,85.71660569778881,93.95321164683676,186.92156862745097,12.476470588235296,4.07156862745098,129.5,486.0,,,,,,,,
52,HEINEKEN A 2RP PILSEN,3,POLISY,2,2RP,TOSCA,0,85.71660569778881,93.95321164683676,186.92156862745097,12.476470588235296,4.07156862745098,129.5,486.0,,,,,,,,
15,HEINEKEN C 6RH PILSEN,3,POLISY,2,6RH,FARO,34,85.8733153689128,94.58897509576575,187.2058823529412,12.794117647058826,3.941764705882353,129.5,486.0,,,,,,,,
45,HEINEKEN C 6RH PILSEN,3,POLISY,2,6RH,FARO,34,85.8733153689128,94.58897509576575,187.2058823529412,12.794117647058826,3.941764705882353,129.5,486.0,,,,,,,,
51,HEINEKEN C 6RH PILSEN,3,POLISY,2,6RH,FARO,34,85.8733153689128,94.58897509576575,187.2058823529412,12.794117647058826,3.941764705882353,129.5,486.0,,,,,,,,
16,SAPPORO 2RP PILSEN,3,POLISY,2,2RP,PLANET,17,85.40318635554095,92.6816847489788,186.35294117647058,11.841176470588232,4.331176470588237,129.5,486.0,,,,,,,,
19,STANDARD/BIO 2RP,3,POLISY,2,2RP,PLANET,0,85.71660569778881,93.95321164683676,186.92156862745097,12.476470588235296,4.07156862745098,129.5,486.0,,,,,,,,
54,STANDARD/BIO 2RP,3,POLISY,2,2RP,PLANET,0,85.71660569778881,93.95321164683676,186.92156862745097,12.476470588235296,4.07156862745098,129.5,486.0,,,,,,,,
20,CARLSBERG 6RH,3,POLISY,3,6RH,FARO,35,85.37370453159927,94.16641328951233,187.71428571428572,12.897142857142857,3.9264340285714288,131.5,507.5,,,,,,,,
17,HEINEKEN A 2RP PILSEN,3,POLISY,3,2RP,TOSCA,9,84.61728395061728,93.27691075126944,180.0,12.833333333333334,3.9111111111111105,131.5,507.5,,,,,,,,
49,HEINEKEN A 2RP PILSEN,3,POLISY,3,2RP,TOSCA,9,84.61728395061728,93.27691075126944,180.0,12.833333333333334,3.9111111111111105,131.5,507.5,,,,,,,,
52,HEINEKEN A 2RP PILSEN,3,POLISY,3,2RP,TOSCA,9,84.61728395061728,93.27691075126944,180.0,12.833333333333334,3.9111111111111105,131.5,507.5,,,,,,,,
15,HEINEKEN C 6RH PILSEN,3,POLISY,3,6RH,FARO,35,85.37370453159927,94.16641328951233,187.71428571428572,12.897142857142857,3.9264340285714288,131.5,507.5,,,,,,,,
45,HEINEKEN C 6RH PILSEN,3,POLISY,3,6RH,FARO,35,85.37370453159927,94.16641328951233,187.71428571428572,12.897142857142857,3.9264340285714288,131.5,507.5,,,,,,,,
51,HEINEKEN C 6RH PILSEN,3,POLISY,3,6RH,FARO,35,85.37370453159927,94.16641328951233,187.71428571428572,12.897142857142857,3.9264340285714288,131.5,507.5,,,,,,,,
16,SAPPORO 2RP PILSEN,3,POLISY,3,2RP,PLANET,6,83.82002314814815,91.50030401807682,186.0,12.25,4.21,131.5,507.5,,,,,,,,
19,STANDARD/BIO 2RP,3,POLISY,3,2RP,PLANET,0,85.05110706100841,93.68636972005633,186.12,12.808000000000002,3.9577038200000016,131.5,507.5,,,,,,,,
54,STANDARD/BIO 2RP,3,POLISY,3,2RP,PLANET,0,85.05110706100841,93.68636972005633,186.12,12.808000000000002,3.9577038200000016,131.5,507.5,,,,,,,,
20,CARLSBERG 6RH,3,POLISY,4,6RH,FARO,30,84.92935040303459,93.92189677500527,187.5,13.110000000000001,3.92,110.0,489.5,,,,,,,,
17,HEINEKEN A 2RP PILSEN,3,POLISY,4,2RP,TOSCA,0,84.84947387213914,93.47556900023918,187.82926829268294,12.85512195121951,4.011463414634146,110.0,489.5,,,,,,,,
49,HEINEKEN A 2RP PILSEN,3,POLISY,4,2RP,TOSCA,0,84.84947387213914,93.47556900023918,187.82926829268294,12.85512195121951,4.011463414634146,110.0,489.5,,,,,,,,
52,HEINEKEN A 2RP PILSEN,3,POLISY,4,2RP,TOSCA,0,84.84947387213914,93.47556900023918,187.82926829268294,12.85512195121951,4.011463414634146,110.0,489.5,,,,,,,,
15,HEINEKEN C 6RH PILSEN,3,POLISY,4,6RH,FARO,30,84.92935040303459,93.92189677500527,187.5,13.110000000000001,3.92,110.0,489.5,,,,,,,,
45,HEINEKEN C 6RH PILSEN,3,POLISY,4,6RH,FARO,30,84.92935040303459,93.92189677500527,187.5,13.110000000000001,3.92,110.0,489.5,,,,,,,,
51,HEINEKEN C 6RH PILSEN,3,POLISY,4,6RH,FARO,30,84.92935040303459,93.92189677500527,187.5,13.110000000000001,3.92,110.0,489.5,,,,,,,,
16,SAPPORO 2RP PILSEN,3,POLISY,4,2RP,PLANET,11,84.6316287878788,92.25831143269528,188.72727272727272,12.159999999999998,4.260909090909091,110.0,489.5,,,,,,,,
19,STANDARD/BIO 2RP,3,POLISY,4,2RP,PLANET,0,84.84947387213914,93.47556900023918,187.82926829268294,12.85512195121951,4.011463414634146,110.0,489.5,,,,,,,,
54,STANDARD/BIO 2RP,3,POLISY,4,2RP,PLANET,0,84.84947387213914,93.47556900023918,187.82926829268294,12.85512195121951,4.011463414634146,110.0,489.5,,,,,,,,
20,CARLSBERG 6RH,3,POLISY,5,6RH,FARO,32,84.85934302758994,93.5902499924619,188.46875,13.075000000000001,4.1384375,129.0,465.5,,,,,,,,
17,HEINEKEN A 2RP PILSEN,3,POLISY,5,2RP,TOSCA,8,85.11690132783883,92.97192728372168,188.25,12.700000000000001,4.655,129.0,465.5,,,,,,,,
49,HEINEKEN A 2RP PILSEN,3,POLISY,5,2RP,TOSCA,8,85.11690132783883,92.97192728372168,188.25,12.700000000000001,4.655,129.0,465.5,,,,,,,,
52,HEINEKEN A 2RP PILSEN,3,POLISY,5,2RP,TOSCA,8,85.11690132783883,92.97192728372168,188.25,12.700000000000001,4.655,129.0,465.5,,,,,,,,
15,HEINEKEN C 6RH PILSEN,3,POLISY,5,6RH,FARO,32,84.85934302758994,93.5902499924619,188.46875,13.075000000000001,4.1384375,129.0,465.5,,,,,,,,
45,HEINEKEN C 6RH PILSEN,3,POLISY,5,6RH,FARO,32,84.85934302758994,93.5902499924619,188.46875,13.075000000000001,4.1384375,129.0,465.5,,,,,,,,
51,HEINEKEN C 6RH PILSEN,3,POLISY,5,6RH,FARO,32,84.85934302758994,93.5902499924619,188.46875,13.075000000000001,4.1384375,129.0,465.5,,,,,,,,
16,SAPPORO 2RP PILSEN,3,POLISY,5,2RP,PLANET,8,85.14423076923076,93.40095043916172,182.0,12.6125,4.1375,129.0,465.5,,,,,,,,
19,STANDARD/BIO 2RP,3,POLISY,5,2RP,PLANET,0,84.94975070123824,93.45564628212183,187.35416666666666,12.935416666666663,4.224375,129.0,465.5,,,,,,,,
54,STANDARD/BIO 2RP,3,POLISY,5,2RP,PLANET,0,84.94975070123824,93.45564628212183,187.35416666666666,12.935416666666663,4.224375,129.0,465.5,,,,,,,,
20,CARLSBERG 6RH,3,POLISY,6,6RH,FARO,30,85.0273958960707,93.13000695476033,189.73333333333332,12.556666666666667,4.243333333333334,137.0,472.5,,,,,,,,
17,HEINEKEN A 2RP PILSEN,3,POLISY,6,2RP,TOSCA,4,84.77070284152887,92.96255305444666,187.69767441860466,12.700000000000003,4.2776744186046525,137.0,472.5,,,,,,,,
49,HEINEKEN A 2RP PILSEN,3,POLISY,6,2RP,TOSCA,4,84.77070284152887,92.96255305444666,187.69767441860466,12.700000000000003,4.2776744186046525,137.0,472.5,,,,,,,,
52,HEINEKEN A 2RP PILSEN,3,POLISY,6,2RP,TOSCA,4,84.77070284152887,92.96255305444666,187.69767441860466,12.700000000000003,4.2776744186046525,137.0,472.5,,,,,,,,
15,HEINEKEN C 6RH PILSEN,3,POLISY,6,6RH,FARO,30,85.0273958960707,93.13000695476033,189.73333333333332,12.556666666666667,4.243333333333334,137.0,472.5,,,,,,,,
45,HEINEKEN C 6RH PILSEN,3,POLISY,6,6RH,FARO,30,85.0273958960707,93.13000695476033,189.73333333333332,12.556666666666667,4.243333333333334,137.0,472.5,,,,,,,,
51,HEINEKEN C 6RH PILSEN,3,POLISY,6,6RH,FARO,30,85.0273958960707,93.13000695476033,189.73333333333332,12.556666666666667,4.243333333333334,137.0,472.5,,,,,,,,
16,SAPPORO 2RP PILSEN,3,POLISY,6,2RP,PLANET,8,84.03846153846153,92.6147283715649,182.0,13.262499999999998,4.4125000000000005,137.0,472.5,,,,,,,,
19,STANDARD/BIO 2RP,3,POLISY,6,2RP,PLANET,0,84.77070284152887,92.96255305444666,187.69767441860466,12.700000000000003,4.2776744186046525,137.0,472.5,,,,,,,,
54,STANDARD/BIO 2RP,3,POLISY,6,2RP,PLANET,0,84.77070284152887,92.96255305444666,187.69767441860466,12.700000000000003,4.2776744186046525,137.0,472.5,,,,,,,,
20,CARLSBERG 6RH,3,POLISY,7,6RH,FARO,25,84.38987788727553,92.81386588436439,188.64,12.816000000000004,4.1352,124.33333333333333,446.3333333333333,,,,,,,,
17,HEINEKEN A 2RP PILSEN,3,POLISY,7,2RP,TOSCA,3,84.52070825740509,92.76587117854685,188.35714285714286,12.738809523809525,4.240952380952383,124.33333333333333,446.3333333333333,,,,,,,,
49,HEINEKEN A 2RP PILSEN,3,POLISY,7,2RP,TOSCA,3,84.52070825740509,92.76587117854685,188.35714285714286,12.738809523809525,4.240952380952383,124.33333333333333,446.3333333333333,,,,,,,,
52,HEINEKEN A 2RP PILSEN,3,POLISY,7,2RP,TOSCA,3,84.52070825740509,92.76587117854685,188.35714285714286,12.738809523809525,4.240952380952383,124.33333333333333,446.3333333333333,,,,,,,,
15,HEINEKEN C 6RH PILSEN,3,POLISY,7,6RH,FARO,25,84.38987788727553,92.81386588436439,188.64,12.816000000000004,4.1352,124.33333333333333,446.3333333333333,,,,,,,,
45,HEINEKEN C 6RH PILSEN,3,POLISY,7,6RH,FARO,25,84.38987788727553,92.81386588436439,188.64,12.816000000000004,4.1352,124.33333333333333,446.3333333333333,,,,,,,,
51,HEINEKEN C 6RH PILSEN,3,POLISY,7,6RH,FARO,25,84.38987788727553,92.81386588436439,188.64,12.816000000000004,4.1352,124.33333333333333,446.3333333333333,,,,,,,,
16,SAPPORO 2RP PILSEN,3,POLISY,7,2RP,PLANET,7,84.50385101090583,92.57915976710272,187.14285714285714,12.828571428571431,4.5,124.33333333333333,446.3333333333333,,,,,,,,
19,STANDARD/BIO 2RP,3,POLISY,7,2RP,PLANET,0,84.52070825740509,92.76587117854685,188.35714285714286,12.738809523809525,4.240952380952383,124.33333333333333,446.3333333333333,,,,,,,,
54,STANDARD/BIO 2RP,3,POLISY,7,2RP,PLANET,0,84.52070825740509,92.76587117854685,188.35714285714286,12.738809523809525,4.240952380952383,124.33333333333333,446.3333333333333,,,,,,,,
20,CARLSBERG 6RH,3,POLISY,8,6RH,FARO,26,84.3503958762128,92.46568624807745,189.23076923076923,12.688461538461537,4.310384615384614,139.33333333333334,436.3333333333333,,,,,,,,
17,HEINEKEN A 2RP PILSEN,3,POLISY,8,2RP,TOSCA,5,84.68340520264076,92.89435486481777,187.64102564102564,12.792307692307691,4.355897435897436,139.33333333333334,436.3333333333333,,,,,,,,
49,HEINEKEN A 2RP PILSEN,3,POLISY,8,2RP,TOSCA,5,84.68340520264076,92.89435486481777,187.64102564102564,12.792307692307691,4.355897435897436,139.33333333333334,436.3333333333333,,,,,,,,
52,HEINEKEN A 2RP PILSEN,3,POLISY,8,2RP,TOSCA,5,84.68340520264076,92.89435486481777,187.64102564102564,12.792307692307691,4.355897435897436,139.33333333333334,436.3333333333333,,,,,,,,
15,HEINEKEN C 6RH PILSEN,3,POLISY,8,6RH,FARO,26,84.3503958762128,92.46568624807745,189.23076923076923,12.688461538461537,4.310384615384614,139.33333333333334,436.3333333333333,,,,,,,,
45,HEINEKEN C 6RH PILSEN,3,POLISY,8,6RH,FARO,26,84.3503958762128,92.46568624807745,189.23076923076923,12.688461538461537,4.310384615384614,139.33333333333334,436.3333333333333,,,,,,,,
51,HEINEKEN C 6RH PILSEN,3,POLISY,8,6RH,FARO,26,84.3503958762128,92.46568624807745,189.23076923076923,12.688461538461537,4.310384615384614,139.33333333333334,436.3333333333333,,,,,,,,
16,SAPPORO 2RP PILSEN,3,POLISY,8,2RP,PLANET,8,85.4098465226164,93.19926032039503,186.0,12.562499999999998,4.60125,139.33333333333334,436.3333333333333,,,,,,,,
19,STANDARD/BIO 2RP,3,POLISY,8,2RP,PLANET,0,84.68340520264076,92.89435486481777,187.64102564102564,12.792307692307691,4.355897435897436,139.33333333333334,436.3333333333333,,,,,,,,
54,STANDARD/BIO 2RP,3,POLISY,8,2RP,PLANET,0,84.68340520264076,92.89435486481777,187.64102564102564,12.792307692307691,4.355897435897436,139.33333333333334,436.3333333333333,,,,,,,,
20,CARLSBERG 6RH,3,POLISY,9,6RH,FARO,26,84.86917106230325,93.49143683326157,188.0,12.935384615384613,4.106538461538461,142.0,483.5,,,,,,,,
17,HEINEKEN A 2RP PILSEN,3,POLISY,9,2RP,TOSCA,8,87.10655556891001,94.06296983050213,189.375,11.475,4.4025,142.0,483.5,,,,,,,,
49,HEINEKEN A 2RP PILSEN,3,POLISY,9,2RP,TOSCA,8,87.10655556891001,94.06296983050213,189.375,11.475,4.4025,142.0,483.5,,,,,,,,
52,HEINEKEN A 2RP PILSEN,3,POLISY,9,2RP,TOSCA,8,87.10655556891001,94.06296983050213,189.375,11.475,4.4025,142.0,483.5,,,,,,,,
15,HEINEKEN C 6RH PILSEN,3,POLISY,9,6RH,FARO,26,84.86917106230325,93.49143683326157,188.0,12.935384615384613,4.106538461538461,142.0,483.5,,,,,,,,
45,HEINEKEN C 6RH PILSEN,3,POLISY,9,6RH,FARO,26,84.86917106230325,93.49143683326157,188.0,12.935384615384613,4.106538461538461,142.0,483.5,,,,,,,,
51,HEINEKEN C 6RH PILSEN,3,POLISY,9,6RH,FARO,26,84.86917106230325,93.49143683326157,188.0,12.935384615384613,4.106538461538461,142.0,483.5,,,,,,,,
16,SAPPORO 2RP PILSEN,3,POLISY,9,2RP,PLANET,10,84.75725853094274,93.16018465116395,185.2,13.129999999999999,4.525,142.0,483.5,,,,,,,,
19,STANDARD/BIO 2RP,3,POLISY,9,2RP,PLANET,0,85.25053357910437,93.52006733682857,187.61363636363637,12.714090909090913,4.255454545454544,142.0,483.5,,,,,,,,
54,STANDARD/BIO 2RP,3,POLISY,9,2RP,PLANET,0,85.25053357910437,93.52006733682857,187.61363636363637,12.714090909090913,4.255454545454544,142.0,483.5,,,,,,,,
20,CARLSBERG 6RH,3,POLISY,10,6RH,FARO,38,84.64862873356913,93.38635140239043,187.3684210526316,12.899999999999993,3.9384210526315795,116.0,523.0,,,,,,,,
17,HEINEKEN A 2RP PILSEN,3,POLISY,10,2RP,TOSCA,15,85.22110673891254,93.8023337990459,186.2,12.913333333333334,4.152744133333333,116.0,523.0,,,,,,,,
49,HEINEKEN A 2RP PILSEN,3,POLISY,10,2RP,TOSCA,15,85.22110673891254,93.8023337990459,186.2,12.913333333333334,4.152744133333333,116.0,523.0,,,,,,,,
52,HEINEKEN A 2RP PILSEN,3,POLISY,10,2RP,TOSCA,15,85.22110673891254,93.8023337990459,186.2,12.913333333333334,4.152744133333333,116.0,523.0,,,,,,,,
15,HEINEKEN C 6RH PILSEN,3,POLISY,10,6RH,FARO,38,84.64862873356913,93.38635140239043,187.3684210526316,12.899999999999993,3.9384210526315795,116.0,523.0,,,,,,,,
45,HEINEKEN C 6RH PILSEN,3,POLISY,10,6RH,FARO,38,84.64862873356913,93.38635140239043,187.3684210526316,12.899999999999993,3.9384210526315795,116.0,523.0,,,,,,,,
51,HEINEKEN C 6RH PILSEN,3,POLISY,10,6RH,FARO,38,84.64862873356913,93.38635140239043,187.3684210526316,12.899999999999993,3.9384210526315795,116.0,523.0,,,,,,,,
16,SAPPORO 2RP PILSEN,3,POLISY,10,2RP,PLANET,2,84.8045492836111,93.50601444907747,186.85454545454544,12.929090909090908,4.017293854545455,116.0,523.0,,,,,,,,
19,STANDARD/BIO 2RP,3,POLISY,10,2RP,PLANET,0,84.8045492836111,93.50601444907747,186.85454545454544,12.929090909090908,4.017293854545455,116.0,523.0,,,,,,,,
54,STANDARD/BIO 2RP,3,POLISY,10,2RP,PLANET,0,84.8045492836111,93.50601444907747,186.85454545454544,12.929090909090908,4.017293854545455,116.0,523.0,,,,,,,,
20,CARLSBERG 6RH,3,POLISY,11,6RH,FARO,28,85.64008834089532,94.54455970830452,187.32142857142858,12.925,3.877857142857144,135.5,508.5,,,,,,,,
17,HEINEKEN A 2RP PILSEN,3,POLISY,11,2RP,TOSCA,15,85.17875232361912,94.45939160171592,181.33333333333334,13.246666666666668,3.8026666666666666,135.5,508.5,,,,,,,,
49,HEINEKEN A 2RP PILSEN,3,POLISY,11,2RP,TOSCA,15,85.17875232361912,94.45939160171592,181.33333333333334,13.246666666666668,3.8026666666666666,135.5,508.5,,,,,,,,
52,HEINEKEN A 2RP PILSEN,3,POLISY,11,2RP,TOSCA,15,85.17875232361912,94.45939160171592,181.33333333333334,13.246666666666668,3.8026666666666666,135.5,508.5,,,,,,,,
15,HEINEKEN C 6RH PILSEN,3,POLISY,11,6RH,FARO,28,85.64008834089532,94.54455970830452,187.32142857142858,12.925,3.877857142857144,135.5,508.5,,,,,,,,
45,HEINEKEN C 6RH PILSEN,3,POLISY,11,6RH,FARO,28,85.64008834089532,94.54455970830452,187.32142857142858,12.925,3.877857142857144,135.5,508.5,,,,,,,,
51,HEINEKEN C 6RH PILSEN,3,POLISY,11,6RH,FARO,28,85.64008834089532,94.54455970830452,187.32142857142858,12.925,3.877857142857144,135.5,508.5,,,,,,,,
16,SAPPORO 2RP PILSEN,3,POLISY,11,2RP,PLANET,10,84.29190441716408,93.22513949157991,183.4,13.270000000000001,4.07,135.5,508.5,,,,,,,,
19,STANDARD/BIO 2RP,3,POLISY,11,2RP,PLANET,0,85.25514721832067,94.27150831649182,184.88679245283018,13.0811320754717,3.892830188679245,135.5,508.5,,,,,,,,
54,STANDARD/BIO 2RP,3,POLISY,11,2RP,PLANET,0,85.25514721832067,94.27150831649182,184.88679245283018,13.0811320754717,3.892830188679245,135.5,508.5,,,,,,,,
20,CARLSBERG 6RH,3,POLISY,12,6RH,FARO,31,85.22667766104207,94.28340336243483,186.7741935483871,13.05483870967742,3.8135483870967746,118.5,493.0,,,,,,,,
17,HEINEKEN A 2RP PILSEN,3,POLISY,12,2RP,TOSCA,8,84.56944359673393,94.29258697119184,180.0,13.6875,3.7625,118.5,493.0,,,,,,,,
49,HEINEKEN A 2RP PILSEN,3,POLISY,12,2RP,TOSCA,8,84.56944359673393,94.29258697119184,180.0,13.6875,3.7625,118.5,493.0,,,,,,,,
52,HEINEKEN A 2RP PILSEN,3,POLISY,12,2RP,TOSCA,8,84.56944359673393,94.29258697119184,180.0,13.6875,3.7625,118.5,493.0,,,,,,,,
15,HEINEKEN C 6RH PILSEN,3,POLISY,12,6RH,FARO,31,85.22667766104207,94.28340336243483,186.7741935483871,13.05483870967742,3.8135483870967746,118.5,493.0,,,,,,,,
45,HEINEKEN C 6RH PILSEN,3,POLISY,12,6RH,FARO,31,85.22667766104207,94.28340336243483,186.7741935483871,13.05483870967742,3.8135483870967746,118.5,493.0,,,,,,,,
51,HEINEKEN C 6RH PILSEN,3,POLISY,12,6RH,FARO,31,85.22667766104207,94.28340336243483,186.7741935483871,13.05483870967742,3.8135483870967746,118.5,493.0,,,,,,,,
16,SAPPORO 2RP PILSEN,3,POLISY,12,2RP,PLANET,8,87.21744848622217,93.76667039954603,190.5,11.012500000000001,4.3225,118.5,493.0,,,,,,,,
19,STANDARD/BIO 2RP,3,POLISY,12,2RP,PLANET,0,85.45366264161602,94.19701198300814,186.25531914893617,12.814893617021276,3.8914893617021273,118.5,493.0,,,,,,,,
54,STANDARD/BIO 2RP,3,POLISY,12,2RP,PLANET,0,85.45366264161602,94.19701198300814,186.25531914893617,12.814893617021276,3.8914893617021273,118.5,493.0,,,,,,,,
17,HEINEKEN A 2RP PILSEN,4,STRASBOURG,1,2RP,PLANET,7,86.171161849022,93.60253435788454,204.05714285714288,11.714285714285714,4.1,,,,,,,,,,
49,HEINEKEN A 2RP PILSEN,4,STRASBOURG,1,2RP,PLANET,7,86.171161849022,93.60253435788454,204.05714285714288,11.714285714285714,4.1,,,,,,,,,,
52,HEINEKEN A 2RP PILSEN,4,STRASBOURG,1,2RP,PLANET,7,86.171161849022,93.60253435788454,204.05714285714288,11.714285714285714,4.1,,,,,,,,,,
15,HEINEKEN C 6RH PILSEN,4,STRASBOURG,1,6RH,FARO,46,84.60002734500061,93.88653881935326,202.78043478260872,13.343478260869562,3.830434782608697,,,,,,,,,,
45,HEINEKEN C 6RH PILSEN,4,STRASBOURG,1,6RH,FARO,46,84.60002734500061,93.88653881935326,202.78043478260872,13.343478260869562,3.830434782608697,,,,,,,,,,
51,HEINEKEN C 6RH PILSEN,4,STRASBOURG,1,6RH,FARO,46,84.60002734500061,93.88653881935326,202.78043478260872,13.343478260869562,3.830434782608697,,,,,,,,,,
27,Kronenbourg 2RP,4,STRASBOURG,1,2RP,FANTEX,0,84.78398750184007,93.83157331877754,202.83709677419358,13.10483870967742,3.8306451612903234,,,,,,,,,,
55,Kronenbourg 2RP,4,STRASBOURG,1,2RP,FANTEX,0,84.78398750184007,93.83157331877754,202.83709677419358,13.10483870967742,3.8306451612903234,,,,,,,,,,
32,Kronenbourg 6RH,4,STRASBOURG,1,,,0,84.78398750184007,93.83157331877754,202.83709677419358,13.10483870967742,3.8306451612903234,,,,,,,,,,
56,Kronenbourg 6RH,4,STRASBOURG,1,,,0,84.78398750184007,93.83157331877754,202.83709677419358,13.10483870967742,3.8306451612903234,,,,,,,,,,
58,Kronenbourg 6RH Responsable,4,STRASBOURG,1,6RH,Faro resp,3,84.78398750184007,93.83157331877754,202.83709677419358,13.10483870967742,3.8306451612903234,,,,,,,,,,
57,Licorne 2RP,4,STRASBOURG,1,,,0,84.78398750184007,93.83157331877754,202.83709677419358,13.10483870967742,3.8306451612903234,,,,,,,,,,
19,STANDARD/BIO 2RP,4,STRASBOURG,1,2RP,PLANET,0,84.78398750184007,93.83157331877754,202.83709677419358,13.10483870967742,3.8306451612903234,,,,,,,,,,
54,STANDARD/BIO 2RP,4,STRASBOURG,1,2RP,PLANET,0,84.78398750184007,93.83157331877754,202.83709677419358,13.10483870967742,3.8306451612903234,,,,,,,,,,
18,STANDARD/BIO 6RH,4,STRASBOURG,1,6RH,ETINCEL,6,83.87923904052936,93.31184894529018,201.5,13.299999999999999,3.5500000000000003,,,,,,,,,,
53,STANDARD/BIO 6RH,4,STRASBOURG,1,6RH,ETINCEL,6,83.87923904052936,93.31184894529018,201.5,13.299999999999999,3.5500000000000003,,,,,,,,,,
17,HEINEKEN A 2RP PILSEN,4,STRASBOURG,2,2RP,PLANET,1,85.20765978404435,94.06831886527083,203.3017857142857,12.833928571428574,3.77142857142857,,,,,,,,,,
49,HEINEKEN A 2RP PILSEN,4,STRASBOURG,2,2RP,PLANET,1,85.20765978404435,94.06831886527083,203.3017857142857,12.833928571428574,3.77142857142857,,,,,,,,,,
52,HEINEKEN A 2RP PILSEN,4,STRASBOURG,2,2RP,PLANET,1,85.20765978404435,94.06831886527083,203.3017857142857,12.833928571428574,3.77142857142857,,,,,,,,,,
15,HEINEKEN C 6RH PILSEN,4,STRASBOURG,2,6RH,FARO,30,84.9554415909206,94.14543477711148,203.40333333333334,13.226666666666667,3.8433333333333333,,,,,,,,,,
45,HEINEKEN C 6RH PILSEN,4,STRASBOURG,2,6RH,FARO,30,84.9554415909206,94.14543477711148,203.40333333333334,13.226666666666667,3.8433333333333333,,,,,,,,,,
51,HEINEKEN C 6RH PILSEN,4,STRASBOURG,2,6RH,FARO,30,84.9554415909206,94.14543477711148,203.40333333333334,13.226666666666667,3.8433333333333333,,,,,,,,,,
27,Kronenbourg 2RP,4,STRASBOURG,2,2RP,FANTEX,0,85.20765978404435,94.06831886527083,203.3017857142857,12.833928571428574,3.77142857142857,,,,,,,,,,
55,Kronenbourg 2RP,4,STRASBOURG,2,2RP,FANTEX,0,85.20765978404435,94.06831886527083,203.3017857142857,12.833928571428574,3.77142857142857,,,,,,,,,,
32,Kronenbourg 6RH,4,STRASBOURG,2,,,0,85.20765978404435,94.06831886527083,203.3017857142857,12.833928571428574,3.77142857142857,,,,,,,,,,
56,Kronenbourg 6RH,4,STRASBOURG,2,,,0,85.20765978404435,94.06831886527083,203.3017857142857,12.833928571428574,3.77142857142857,,,,,,,,,,
58,Kronenbourg 6RH Responsable,4,STRASBOURG,2,6RH,Faro resp,2,85.20765978404435,94.06831886527083,203.3017857142857,12.833928571428574,3.77142857142857,,,,,,,,,,
57,Licorne 2RP,4,STRASBOURG,2,,,0,85.20765978404435,94.06831886527083,203.3017857142857,12.833928571428574,3.77142857142857,,,,,,,,,,
19,STANDARD/BIO 2RP,4,STRASBOURG,2,2RP,PLANET,0,85.20765978404435,94.06831886527083,203.3017857142857,12.833928571428574,3.77142857142857,,,,,,,,,,
54,STANDARD/BIO 2RP,4,STRASBOURG,2,2RP,PLANET,0,85.20765978404435,94.06831886527083,203.3017857142857,12.833928571428574,3.77142857142857,,,,,,,,,,
18,STANDARD/BIO 6RH,4,STRASBOURG,2,6RH,ETINCEL,23,85.39759651448435,93.87401598521247,202.86086956521737,12.365217391304345,3.6652173913043495,,,,,,,,,,
53,STANDARD/BIO 6RH,4,STRASBOURG,2,6RH,ETINCEL,23,85.39759651448435,93.87401598521247,202.86086956521737,12.365217391304345,3.6652173913043495,,,,,,,,,,
17,HEINEKEN A 2RP PILSEN,4,STRASBOURG,3,2RP,PLANET,4,85.1668950992224,94.26506299981156,203.76129032258066,12.982258064516127,3.6887096774193555,,,,,,,,,,
49,HEINEKEN A 2RP PILSEN,4,STRASBOURG,3,2RP,PLANET,4,85.1668950992224,94.26506299981156,203.76129032258066,12.982258064516127,3.6887096774193555,,,,,,,,,,
52,HEINEKEN A 2RP PILSEN,4,STRASBOURG,3,2RP,PLANET,4,85.1668950992224,94.26506299981156,203.76129032258066,12.982258064516127,3.6887096774193555,,,,,,,,,,
15,HEINEKEN C 6RH PILSEN,4,STRASBOURG,3,6RH,FARO,39,85.19215981256181,94.50437054747704,203.58974358974365,13.151282051282045,3.6589743589743593,,,,,,,,,,
45,HEINEKEN C 6RH PILSEN,4,STRASBOURG,3,6RH,FARO,39,85.19215981256181,94.50437054747704,203.58974358974365,13.151282051282045,3.6589743589743593,,,,,,,,,,
51,HEINEKEN C 6RH PILSEN,4,STRASBOURG,3,6RH,FARO,39,85.19215981256181,94.50437054747704,203.58974358974365,13.151282051282045,3.6589743589743593,,,,,,,,,,
27,Kronenbourg 2RP,4,STRASBOURG,3,2RP,FANTEX,0,85.1668950992224,94.26506299981156,203.76129032258066,12.982258064516127,3.6887096774193555,,,,,,,,,,
55,Kronenbourg 2RP,4,STRASBOURG,3,2RP,FANTEX,0,85.1668950992224,94.26506299981156,203.76129032258066,12.982258064516127,3.6887096774193555,,,,,,,,,,
32,Kronenbourg 6RH,4,STRASBOURG,3,,,0,85.1668950992224,94.26506299981156,203.76129032258066,12.982258064516127,3.6887096774193555,,,,,,,,,,
56,Kronenbourg 6RH,4,STRASBOURG,3,,,0,85.1668950992224,94.26506299981156,203.76129032258066,12.982258064516127,3.6887096774193555,,,,,,,,,,
58,Kronenbourg 6RH Responsable,4,STRASBOURG,3,6RH,Faro resp,4,85.1668950992224,94.26506299981156,203.76129032258066,12.982258064516127,3.6887096774193555,,,,,,,,,,
57,Licorne 2RP,4,STRASBOURG,3,,,0,85.1668950992224,94.26506299981156,203.76129032258066,12.982258064516127,3.6887096774193555,,,,,,,,,,
19,STANDARD/BIO 2RP,4,STRASBOURG,3,2RP,PLANET,0,85.1668950992224,94.26506299981156,203.76129032258066,12.982258064516127,3.6887096774193555,,,,,,,,,,
54,STANDARD/BIO 2RP,4,STRASBOURG,3,2RP,PLANET,0,85.1668950992224,94.26506299981156,203.76129032258066,12.982258064516127,3.6887096774193555,,,,,,,,,,
18,STANDARD/BIO 6RH,4,STRASBOURG,3,6RH,ETINCEL,15,84.83409399253041,93.51312940023028,203.61333333333332,12.58666666666667,3.646666666666667,,,,,,,,,,
53,STANDARD/BIO 6RH,4,STRASBOURG,3,6RH,ETINCEL,15,84.83409399253041,93.51312940023028,203.61333333333332,12.58666666666667,3.646666666666667,,,,,,,,,,
17,HEINEKEN A 2RP PILSEN,4,STRASBOURG,4,2RP,PLANET,6,85.22911336653085,93.52097156730663,202.28333333333333,12.466666666666667,3.9499999999999997,,,,,,,,,,
49,HEINEKEN A 2RP PILSEN,4,STRASBOURG,4,2RP,PLANET,6,85.22911336653085,93.52097156730663,202.28333333333333,12.466666666666667,3.9499999999999997,,,,,,,,,,
52,HEINEKEN A 2RP PILSEN,4,STRASBOURG,4,2RP,PLANET,6,85.22911336653085,93.52097156730663,202.28333333333333,12.466666666666667,3.9499999999999997,,,,,,,,,,
15,HEINEKEN C 6RH PILSEN,4,STRASBOURG,4,6RH,FARO,34,85.56571462283301,94.21558507348436,204.11764705882345,12.617647058823529,3.785294117647059,,,,,,,,,,
45,HEINEKEN C 6RH PILSEN,4,STRASBOURG,4,6RH,FARO,34,85.56571462283301,94.21558507348436,204.11764705882345,12.617647058823529,3.785294117647059,,,,,,,,,,
51,HEINEKEN C 6RH PILSEN,4,STRASBOURG,4,6RH,FARO,34,85.56571462283301,94.21558507348436,204.11764705882345,12.617647058823529,3.785294117647059,,,,,,,,,,
27,Kronenbourg 2RP,4,STRASBOURG,4,2RP,FANTEX,0,85.39620108701219,94.1719865971545,203.76551724137948,12.751724137931031,3.7879310344827575,,,,,,,,,,
55,Kronenbourg 2RP,4,STRASBOURG,4,2RP,FANTEX,0,85.39620108701219,94.1719865971545,203.76551724137948,12.751724137931031,3.7879310344827575,,,,,,,,,,
32,Kronenbourg 6RH,4,STRASBOURG,4,,,0,85.39620108701219,94.1719865971545,203.76551724137948,12.751724137931031,3.7879310344827575,,,,,,,,,,
56,Kronenbourg 6RH,4,STRASBOURG,4,,,0,85.39620108701219,94.1719865971545,203.76551724137948,12.751724137931031,3.7879310344827575,,,,,,,,,,
58,Kronenbourg 6RH Responsable,4,STRASBOURG,4,6RH,Faro resp,2,85.39620108701219,94.1719865971545,203.76551724137948,12.751724137931031,3.7879310344827575,,,,,,,,,,
57,Licorne 2RP,4,STRASBOURG,4,,,0,85.39620108701219,94.1719865971545,203.76551724137948,12.751724137931031,3.7879310344827575,,,,,,,,,,
19,STANDARD/BIO 2RP,4,STRASBOURG,4,2RP,PLANET,0,85.39620108701219,94.1719865971545,203.76551724137948,12.751724137931031,3.7879310344827575,,,,,,,,,,
54,STANDARD/BIO 2RP,4,STRASBOURG,4,2RP,PLANET,0,85.39620108701219,94.1719865971545,203.76551724137948,12.751724137931031,3.7879310344827575,,,,,,,,,,
18,STANDARD/BIO 6RH,4,STRASBOURG,4,6RH,ETINCEL,16,85.05628915246409,94.34554304443114,203.28124999999997,13.200000000000003,3.7249999999999996,,,,,,,,,,
53,STANDARD/BIO 6RH,4,STRASBOURG,4,6RH,ETINCEL,16,85.05628915246409,94.34554304443114,203.28124999999997,13.200000000000003,3.7249999999999996,,,,,,,,,,
17,HEINEKEN A 2RP PILSEN,4,STRASBOURG,5,2RP,PLANET,3,85.07595446340402,93.83069036489773,203.9576271186442,12.9406779661017,3.9847457627118636,,,,,,,,,,
49,HEINEKEN A 2RP PILSEN,4,STRASBOURG,5,2RP,PLANET,3,85.07595446340402,93.83069036489773,203.9576271186442,12.9406779661017,3.9847457627118636,,,,,,,,,,
52,HEINEKEN A 2RP PILSEN,4,STRASBOURG,5,2RP,PLANET,3,85.07595446340402,93.83069036489773,203.9576271186442,12.9406779661017,3.9847457627118636,,,,,,,,,,
15,HEINEKEN C 6RH PILSEN,4,STRASBOURG,5,6RH,FARO,46,84.9439081376384,93.85398730135192,203.81956521739127,13.106521739130441,3.993478260869565,,,,,,,,,,
45,HEINEKEN C 6RH PILSEN,4,STRASBOURG,5,6RH,FARO,46,84.9439081376384,93.85398730135192,203.81956521739127,13.106521739130441,3.993478260869565,,,,,,,,,,
51,HEINEKEN C 6RH PILSEN,4,STRASBOURG,5,6RH,FARO,46,84.9439081376384,93.85398730135192,203.81956521739127,13.106521739130441,3.993478260869565,,,,,,,,,,
27,Kronenbourg 2RP,4,STRASBOURG,5,2RP,FANTEX,1,85.07595446340402,93.83069036489773,203.9576271186442,12.9406779661017,3.9847457627118636,,,,,,,,,,
55,Kronenbourg 2RP,4,STRASBOURG,5,2RP,FANTEX,1,85.07595446340402,93.83069036489773,203.9576271186442,12.9406779661017,3.9847457627118636,,,,,,,,,,
32,Kronenbourg 6RH,4,STRASBOURG,5,,,0,85.07595446340402,93.83069036489773,203.9576271186442,12.9406779661017,3.9847457627118636,,,,,,,,,,
56,Kronenbourg 6RH,4,STRASBOURG,5,,,0,85.07595446340402,93.83069036489773,203.9576271186442,12.9406779661017,3.9847457627118636,,,,,,,,,,
58,Kronenbourg 6RH Responsable,4,STRASBOURG,5,6RH,Faro resp,1,85.07595446340402,93.83069036489773,203.9576271186442,12.9406779661017,3.9847457627118636,,,,,,,,,,
57,Licorne 2RP,4,STRASBOURG,5,,,0,85.07595446340402,93.83069036489773,203.9576271186442,12.9406779661017,3.9847457627118636,,,,,,,,,,
19,STANDARD/BIO 2RP,4,STRASBOURG,5,2RP,PLANET,0,85.07595446340402,93.83069036489773,203.9576271186442,12.9406779661017,3.9847457627118636,,,,,,,,,,
54,STANDARD/BIO 2RP,4,STRASBOURG,5,2RP,PLANET,0,85.07595446340402,93.83069036489773,203.9576271186442,12.9406779661017,3.9847457627118636,,,,,,,,,,
18,STANDARD/BIO 6RH,4,STRASBOURG,5,6RH,ETINCEL,8,85.67655926274017,94.35804440044849,203.91250000000002,12.750000000000002,3.9124999999999996,,,,,,,,,,
53,STANDARD/BIO 6RH,4,STRASBOURG,5,6RH,ETINCEL,8,85.67655926274017,94.35804440044849,203.91250000000002,12.750000000000002,3.9124999999999996,,,,,,,,,,
17,HEINEKEN A 2RP PILSEN,4,STRASBOURG,6,2RP,PLANET,4,84.96368798398382,93.7183572547389,203.82758620689677,13.018965517241371,4.056896551724139,,,,,,,,,,
49,HEINEKEN A 2RP PILSEN,4,STRASBOURG,6,2RP,PLANET,4,84.96368798398382,93.7183572547389,203.82758620689677,13.018965517241371,4.056896551724139,,,,,,,,,,
52,HEINEKEN A 2RP PILSEN,4,STRASBOURG,6,2RP,PLANET,4,84.96368798398382,93.7183572547389,203.82758620689677,13.018965517241371,4.056896551724139,,,,,,,,,,
15,HEINEKEN C 6RH PILSEN,4,STRASBOURG,6,6RH,FARO,42,84.73669930565269,93.7710627791889,203.69047619047615,13.257142857142853,4.009523809523809,,,,,,,,,,
45,HEINEKEN C 6RH PILSEN,4,STRASBOURG,6,6RH,FARO,42,84.73669930565269,93.7710627791889,203.69047619047615,13.257142857142853,4.009523809523809,,,,,,,,,,
51,HEINEKEN C 6RH PILSEN,4,STRASBOURG,6,6RH,FARO,42,84.73669930565269,93.7710627791889,203.69047619047615,13.257142857142853,4.009523809523809,,,,,,,,,,
27,Kronenbourg 2RP,4,STRASBOURG,6,2RP,FANTEX,1,84.96368798398382,93.7183572547389,203.82758620689677,13.018965517241371,4.056896551724139,,,,,,,,,,
55,Kronenbourg 2RP,4,STRASBOURG,6,2RP,FANTEX,1,84.96368798398382,93.7183572547389,203.82758620689677,13.018965517241371,4.056896551724139,,,,,,,,,,
32,Kronenbourg 6RH,4,STRASBOURG,6,,,0,84.96368798398382,93.7183572547389,203.82758620689677,13.018965517241371,4.056896551724139,,,,,,,,,,
56,Kronenbourg 6RH,4,STRASBOURG,6,,,0,84.96368798398382,93.7183572547389,203.82758620689677,13.018965517241371,4.056896551724139,,,,,,,,,,
58,Kronenbourg 6RH Responsable,4,STRASBOURG,6,6RH,Faro resp,2,84.96368798398382,93.7183572547389,203.82758620689677,13.018965517241371,4.056896551724139,,,,,,,,,,
57,Licorne 2RP,4,STRASBOURG,6,,,0,84.96368798398382,93.7183572547389,203.82758620689677,13.018965517241371,4.056896551724139,,,,,,,,,,
19,STANDARD/BIO 2RP,4,STRASBOURG,6,2RP,PLANET,0,84.96368798398382,93.7183572547389,203.82758620689677,13.018965517241371,4.056896551724139,,,,,,,,,,
54,STANDARD/BIO 2RP,4,STRASBOURG,6,2RP,PLANET,0,84.96368798398382,93.7183572547389,203.82758620689677,13.018965517241371,4.056896551724139,,,,,,,,,,
18,STANDARD/BIO 6RH,4,STRASBOURG,6,6RH,ETINCEL,9,85.74860961263353,93.75450208179261,204.16666666666669,12.311111111111112,4.122222222222223,,,,,,,,,,
53,STANDARD/BIO 6RH,4,STRASBOURG,6,6RH,ETINCEL,9,85.74860961263353,93.75450208179261,204.16666666666669,12.311111111111112,4.122222222222223,,,,,,,,,,
17,HEINEKEN A 2RP PILSEN,4,STRASBOURG,7,2RP,PLANET,7,85.1874115128938,93.70927441275798,203.6,12.831428571428571,4.114285714285715,,,,,,,,,,
49,HEINEKEN A 2RP PILSEN,4,STRASBOURG,7,2RP,PLANET,7,85.1874115128938,93.70927441275798,203.6,12.831428571428571,4.114285714285715,,,,,,,,,,
52,HEINEKEN A 2RP PILSEN,4,STRASBOURG,7,2RP,PLANET,7,85.1874115128938,93.70927441275798,203.6,12.831428571428571,4.114285714285715,,,,,,,,,,
15,HEINEKEN C 6RH PILSEN,4,STRASBOURG,7,6RH,FARO,41,84.77622047975888,93.69773530729346,204.3243902439023,13.143902439024393,4.004878048780488,,,,,,,,,,
45,HEINEKEN C 6RH PILSEN,4,STRASBOURG,7,6RH,FARO,41,84.77622047975888,93.69773530729346,204.3243902439023,13.143902439024393,4.004878048780488,,,,,,,,,,
51,HEINEKEN C 6RH PILSEN,4,STRASBOURG,7,6RH,FARO,41,84.77622047975888,93.69773530729346,204.3243902439023,13.143902439024393,4.004878048780488,,,,,,,,,,
27,Kronenbourg 2RP,4,STRASBOURG,7,2RP,FANTEX,1,84.81673255457903,93.68932727924154,203.96229508196734,13.128196721311474,4.042622950819672,,,,,,,,,,
55,Kronenbourg 2RP,4,STRASBOURG,7,2RP,FANTEX,1,84.81673255457903,93.68932727924154,203.96229508196734,13.128196721311474,4.042622950819672,,,,,,,,,,
32,Kronenbourg 6RH,4,STRASBOURG,7,,,0,84.81673255457903,93.68932727924154,203.96229508196734,13.128196721311474,4.042622950819672,,,,,,,,,,
56,Kronenbourg 6RH,4,STRASBOURG,7,,,0,84.81673255457903,93.68932727924154,203.96229508196734,13.128196721311474,4.042622950819672,,,,,,,,,,
58,Kronenbourg 6RH Responsable,4,STRASBOURG,7,6RH,Faro resp,2,84.81673255457903,93.68932727924154,203.96229508196734,13.128196721311474,4.042622950819672,,,,,,,,,,
57,Licorne 2RP,4,STRASBOURG,7,,,0,84.81673255457903,93.68932727924154,203.96229508196734,13.128196721311474,4.042622950819672,,,,,,,,,,
19,STANDARD/BIO 2RP,4,STRASBOURG,7,2RP,PLANET,1,84.81673255457903,93.68932727924154,203.96229508196734,13.128196721311474,4.042622950819672,,,,,,,,,,
54,STANDARD/BIO 2RP,4,STRASBOURG,7,2RP,PLANET,1,84.81673255457903,93.68932727924154,203.96229508196734,13.128196721311474,4.042622950819672,,,,,,,,,,
18,STANDARD/BIO 6RH,4,STRASBOURG,7,6RH,ETINCEL,9,84.23170194003528,93.94172424086824,201.59999999999997,13.944444444444448,4.022222222222222,,,,,,,,,,
53,STANDARD/BIO 6RH,4,STRASBOURG,7,6RH,ETINCEL,9,84.23170194003528,93.94172424086824,201.59999999999997,13.944444444444448,4.022222222222222,,,,,,,,,,
17,HEINEKEN A 2RP PILSEN,4,STRASBOURG,8,2RP,PLANET,5,84.87116726313285,93.59494068570443,203.87213114754115,13.029508196721311,4.0983606557377055,,,,,,,,,,
49,HEINEKEN A 2RP PILSEN,4,STRASBOURG,8,2RP,PLANET,5,84.87116726313285,93.59494068570443,203.87213114754115,13.029508196721311,4.0983606557377055,,,,,,,,,,
52,HEINEKEN A 2RP PILSEN,4,STRASBOURG,8,2RP,PLANET,5,84.87116726313285,93.59494068570443,203.87213114754115,13.029508196721311,4.0983606557377055,,,,,,,,,,
15,HEINEKEN C 6RH PILSEN,4,STRASBOURG,8,6RH,FARO,41,84.78607270371411,93.56012562723186,204.2048780487804,13.09512195121951,4.1121951219512205,,,,,,,,,,
45,HEINEKEN C 6RH PILSEN,4,STRASBOURG,8,6RH,FARO,41,84.78607270371411,93.56012562723186,204.2048780487804,13.09512195121951,4.1121951219512205,,,,,,,,,,
51,HEINEKEN C 6RH PILSEN,4,STRASBOURG,8,6RH,FARO,41,84.78607270371411,93.56012562723186,204.2048780487804,13.09512195121951,4.1121951219512205,,,,,,,,,,
27,Kronenbourg 2RP,4,STRASBOURG,8,2RP,FANTEX,1,84.87116726313285,93.59494068570443,203.87213114754115,13.029508196721311,4.0983606557377055,,,,,,,,,,
55,Kronenbourg 2RP,4,STRASBOURG,8,2RP,FANTEX,1,84.87116726313285,93.59494068570443,203.87213114754115,13.029508196721311,4.0983606557377055,,,,,,,,,,
32,Kronenbourg 6RH,4,STRASBOURG,8,,,0,84.87116726313285,93.59494068570443,203.87213114754115,13.029508196721311,4.0983606557377055,,,,,,,,,,
56,Kronenbourg 6RH,4,STRASBOURG,8,,,0,84.87116726313285,93.59494068570443,203.87213114754115,13.029508196721311,4.0983606557377055,,,,,,,,,,
58,Kronenbourg 6RH Responsable,4,STRASBOURG,8,6RH,Faro resp,4,84.87116726313285,93.59494068570443,203.87213114754115,13.029508196721311,4.0983606557377055,,,,,,,,,,
57,Licorne 2RP,4,STRASBOURG,8,,,0,84.87116726313285,93.59494068570443,203.87213114754115,13.029508196721311,4.0983606557377055,,,,,,,,,,
19,STANDARD/BIO 2RP,4,STRASBOURG,8,2RP,PLANET,0,84.87116726313285,93.59494068570443,203.87213114754115,13.029508196721311,4.0983606557377055,,,,,,,,,,
54,STANDARD/BIO 2RP,4,STRASBOURG,8,2RP,PLANET,0,84.87116726313285,93.59494068570443,203.87213114754115,13.029508196721311,4.0983606557377055,,,,,,,,,,
18,STANDARD/BIO 6RH,4,STRASBOURG,8,6RH,ETINCEL,10,84.36507936507937,94.15390496250298,201.59999999999997,13.89,3.9,,,,,,,,,,
53,STANDARD/BIO 6RH,4,STRASBOURG,8,6RH,ETINCEL,10,84.36507936507937,94.15390496250298,201.59999999999997,13.89,3.9,,,,,,,,,,
17,HEINEKEN A 2RP PILSEN,4,STRASBOURG,9,2RP,PLANET,1,85.5569190136272,93.86244494701866,201.85517241379307,12.568965517241377,4.082758620689655,,,,,,,,,,
49,HEINEKEN A 2RP PILSEN,4,STRASBOURG,9,2RP,PLANET,1,85.5569190136272,93.86244494701866,201.85517241379307,12.568965517241377,4.082758620689655,,,,,,,,,,
52,HEINEKEN A 2RP PILSEN,4,STRASBOURG,9,2RP,PLANET,1,85.5569190136272,93.86244494701866,201.85517241379307,12.568965517241377,4.082758620689655,,,,,,,,,,
15,HEINEKEN C 6RH PILSEN,4,STRASBOURG,9,6RH,FARO,23,85.69534554387114,93.93596048192875,201.86086956521737,12.478260869565215,4.065217391304348,,,,,,,,,,
45,HEINEKEN C 6RH PILSEN,4,STRASBOURG,9,6RH,FARO,23,85.69534554387114,93.93596048192875,201.86086956521737,12.478260869565215,4.065217391304348,,,,,,,,,,
51,HEINEKEN C 6RH PILSEN,4,STRASBOURG,9,6RH,FARO,23,85.69534554387114,93.93596048192875,201.86086956521737,12.478260869565215,4.065217391304348,,,,,,,,,,
27,Kronenbourg 2RP,4,STRASBOURG,9,2RP,FANTEX,0,85.5569190136272,93.86244494701866,201.85517241379307,12.568965517241377,4.082758620689655,,,,,,,,,,
55,Kronenbourg 2RP,4,STRASBOURG,9,2RP,FANTEX,0,85.5569190136272,93.86244494701866,201.85517241379307,12.568965517241377,4.082758620689655,,,,,,,,,,
32,Kronenbourg 6RH,4,STRASBOURG,9,,,0,85.5569190136272,93.86244494701866,201.85517241379307,12.568965517241377,4.082758620689655,,,,,,,,,,
56,Kronenbourg 6RH,4,STRASBOURG,9,,,0,85.5569190136272,93.86244494701866,201.85517241379307,12.568965517241377,4.082758620689655,,,,,,,,,,
58,Kronenbourg 6RH Responsable,4,STRASBOURG,9,6RH,Faro resp,0,85.5569190136272,93.86244494701866,201.85517241379307,12.568965517241377,4.082758620689655,,,,,,,,,,
57,Licorne 2RP,4,STRASBOURG,9,,,0,85.5569190136272,93.86244494701866,201.85517241379307,12.568965517241377,4.082758620689655,,,,,,,,,,
19,STANDARD/BIO 2RP,4,STRASBOURG,9,2RP,PLANET,0,85.5569190136272,93.86244494701866,201.85517241379307,12.568965517241377,4.082758620689655,,,,,,,,,,
54,STANDARD/BIO 2RP,4,STRASBOURG,9,2RP,PLANET,0,85.5569190136272,93.86244494701866,201.85517241379307,12.568965517241377,4.082758620689655,,,,,,,,,,
18,STANDARD/BIO 6RH,4,STRASBOURG,9,6RH,ETINCEL,5,85.5569190136272,93.86244494701866,201.85517241379307,12.568965517241377,4.082758620689655,,,,,,,,,,
53,STANDARD/BIO 6RH,4,STRASBOURG,9,6RH,ETINCEL,5,85.5569190136272,93.86244494701866,201.85517241379307,12.568965517241377,4.082758620689655,,,,,,,,,,
17,HEINEKEN A 2RP PILSEN,4,STRASBOURG,10,2RP,PLANET,3,85.46253160825789,94.10261004674055,202.16226415094343,12.837735849056603,4.033962264150943,,,,,,,,,,
49,HEINEKEN A 2RP PILSEN,4,STRASBOURG,10,2RP,PLANET,3,85.46253160825789,94.10261004674055,202.16226415094343,12.837735849056603,4.033962264150943,,,,,,,,,,
52,HEINEKEN A 2RP PILSEN,4,STRASBOURG,10,2RP,PLANET,3,85.46253160825789,94.10261004674055,202.16226415094343,12.837735849056603,4.033962264150943,,,,,,,,,,
15,HEINEKEN C 6RH PILSEN,4,STRASBOURG,10,6RH,FARO,31,85.30669039848287,94.36210753583475,202.16129032258058,13.225806451612907,4.019354838709677,,,,,,,,,,
45,HEINEKEN C 6RH PILSEN,4,STRASBOURG,10,6RH,FARO,31,85.30669039848287,94.36210753583475,202.16129032258058,13.225806451612907,4.019354838709677,,,,,,,,,,
51,HEINEKEN C 6RH PILSEN,4,STRASBOURG,10,6RH,FARO,31,85.30669039848287,94.36210753583475,202.16129032258058,13.225806451612907,4.019354838709677,,,,,,,,,,
27,Kronenbourg 2RP,4,STRASBOURG,10,2RP,FANTEX,0,85.46253160825789,94.10261004674055,202.16226415094343,12.837735849056603,4.033962264150943,,,,,,,,,,
55,Kronenbourg 2RP,4,STRASBOURG,10,2RP,FANTEX,0,85.46253160825789,94.10261004674055,202.16226415094343,12.837735849056603,4.033962264150943,,,,,,,,,,
32,Kronenbourg 6RH,4,STRASBOURG,10,,,0,85.46253160825789,94.10261004674055,202.16226415094343,12.837735849056603,4.033962264150943,,,,,,,,,,
56,Kronenbourg 6RH,4,STRASBOURG,10,,,0,85.46253160825789,94.10261004674055,202.16226415094343,12.837735849056603,4.033962264150943,,,,,,,,,,
58,Kronenbourg 6RH Responsable,4,STRASBOURG,10,6RH,Faro resp,3,85.46253160825789,94.10261004674055,202.16226415094343,12.837735849056603,4.033962264150943,,,,,,,,,,
57,Licorne 2RP,4,STRASBOURG,10,,,0,85.46253160825789,94.10261004674055,202.16226415094343,12.837735849056603,4.033962264150943,,,,,,,,,,
19,STANDARD/BIO 2RP,4,STRASBOURG,10,2RP,PLANET,0,85.46253160825789,94.10261004674055,202.16226415094343,12.837735849056603,4.033962264150943,,,,,,,,,,
54,STANDARD/BIO 2RP,4,STRASBOURG,10,2RP,PLANET,0,85.46253160825789,94.10261004674055,202.16226415094343,12.837735849056603,4.033962264150943,,,,,,,,,,
18,STANDARD/BIO 6RH,4,STRASBOURG,10,6RH,ETINCEL,16,85.54075039209712,93.91082692599271,201.89374999999998,12.531250000000002,3.98125,,,,,,,,,,
53,STANDARD/BIO 6RH,4,STRASBOURG,10,6RH,ETINCEL,16,85.54075039209712,93.91082692599271,201.89374999999998,12.531250000000002,3.98125,,,,,,,,,,
17,HEINEKEN A 2RP PILSEN,4,STRASBOURG,11,2RP,PLANET,5,84.96202885912643,93.81048249019729,202.16333333333316,13.066666666666665,4.0150000000000015,,,,,,,,,,
49,HEINEKEN A 2RP PILSEN,4,STRASBOURG,11,2RP,PLANET,5,84.96202885912643,93.81048249019729,202.16333333333316,13.066666666666665,4.0150000000000015,,,,,,,,,,
52,HEINEKEN A 2RP PILSEN,4,STRASBOURG,11,2RP,PLANET,5,84.96202885912643,93.81048249019729,202.16333333333316,13.066666666666665,4.0150000000000015,,,,,,,,,,
15,HEINEKEN C 6RH PILSEN,4,STRASBOURG,11,6RH,FARO,37,84.67615106650983,93.98012778561854,202.11891891891895,13.545945945945943,4.045945945945946,,,,,,,,,,
45,HEINEKEN C 6RH PILSEN,4,STRASBOURG,11,6RH,FARO,37,84.67615106650983,93.98012778561854,202.11891891891895,13.545945945945943,4.045945945945946,,,,,,,,,,
51,HEINEKEN C 6RH PILSEN,4,STRASBOURG,11,6RH,FARO,37,84.67615106650983,93.98012778561854,202.11891891891895,13.545945945945943,4.045945945945946,,,,,,,,,,
27,Kronenbourg 2RP,4,STRASBOURG,11,2RP,FANTEX,0,84.96202885912643,93.81048249019729,202.16333333333316,13.066666666666665,4.0150000000000015,,,,,,,,,,
55,Kronenbourg 2RP,4,STRASBOURG,11,2RP,FANTEX,0,84.96202885912643,93.81048249019729,202.16333333333316,13.066666666666665,4.0150000000000015,,,,,,,,,,
32,Kronenbourg 6RH,4,STRASBOURG,11,,,0,84.96202885912643,93.81048249019729,202.16333333333316,13.066666666666665,4.0150000000000015,,,,,,,,,,
56,Kronenbourg 6RH,4,STRASBOURG,11,,,0,84.96202885912643,93.81048249019729,202.16333333333316,13.066666666666665,4.0150000000000015,,,,,,,,,,
58,Kronenbourg 6RH Responsable,4,STRASBOURG,11,6RH,Faro resp,0,84.96202885912643,93.81048249019729,202.16333333333316,13.066666666666665,4.0150000000000015,,,,,,,,,,
57,Licorne 2RP,4,STRASBOURG,11,,,0,84.96202885912643,93.81048249019729,202.16333333333316,13.066666666666665,4.0150000000000015,,,,,,,,,,
19,STANDARD/BIO 2RP,4,STRASBOURG,11,2RP,PLANET,0,84.96202885912643,93.81048249019729,202.16333333333316,13.066666666666665,4.0150000000000015,,,,,,,,,,
54,STANDARD/BIO 2RP,4,STRASBOURG,11,2RP,PLANET,0,84.96202885912643,93.81048249019729,202.16333333333316,13.066666666666665,4.0150000000000015,,,,,,,,,,
18,STANDARD/BIO 6RH,4,STRASBOURG,11,6RH,ETINCEL,18,85.28444381966453,93.57066770707576,202.10555555555558,12.43333333333333,3.927777777777777,,,,,,,,,,
53,STANDARD/BIO 6RH,4,STRASBOURG,11,6RH,ETINCEL,18,85.28444381966453,93.57066770707576,202.10555555555558,12.43333333333333,3.927777777777777,,,,,,,,,,
17,HEINEKEN A 2RP PILSEN,4,STRASBOURG,12,2RP,PLANET,2,84.80328655533717,94.10928464760183,201.9829787234042,13.291489361702126,3.776595744680851,,,,,,,,,,
49,HEINEKEN A 2RP PILSEN,4,STRASBOURG,12,2RP,PLANET,2,84.80328655533717,94.10928464760183,201.9829787234042,13.291489361702126,3.776595744680851,,,,,,,,,,
52,HEINEKEN A 2RP PILSEN,4,STRASBOURG,12,2RP,PLANET,2,84.80328655533717,94.10928464760183,201.9829787234042,13.291489361702126,3.776595744680851,,,,,,,,,,
15,HEINEKEN C 6RH PILSEN,4,STRASBOURG,12,6RH,FARO,27,84.88904349916002,94.10176960059825,202.02222222222227,13.325925925925926,3.9185185185185185,,,,,,,,,,
45,HEINEKEN C 6RH PILSEN,4,STRASBOURG,12,6RH,FARO,27,84.88904349916002,94.10176960059825,202.02222222222227,13.325925925925926,3.9185185185185185,,,,,,,,,,
51,HEINEKEN C 6RH PILSEN,4,STRASBOURG,12,6RH,FARO,27,84.88904349916002,94.10176960059825,202.02222222222227,13.325925925925926,3.9185185185185185,,,,,,,,,,
27,Kronenbourg 2RP,4,STRASBOURG,12,2RP,FANTEX,0,84.80328655533717,94.10928464760183,201.9829787234042,13.291489361702126,3.776595744680851,,,,,,,,,,
55,Kronenbourg 2RP,4,STRASBOURG,12,2RP,FANTEX,0,84.80328655533717,94.10928464760183,201.9829787234042,13.291489361702126,3.776595744680851,,,,,,,,,,
32,Kronenbourg 6RH,4,STRASBOURG,12,,,0,84.80328655533717,94.10928464760183,201.9829787234042,13.291489361702126,3.776595744680851,,,,,,,,,,
56,Kronenbourg 6RH,4,STRASBOURG,12,,,0,84.80328655533717,94.10928464760183,201.9829787234042,13.291489361702126,3.776595744680851,,,,,,,,,,
58,Kronenbourg 6RH Responsable,4,STRASBOURG,12,6RH,Faro resp,1,84.80328655533717,94.10928464760183,201.9829787234042,13.291489361702126,3.776595744680851,,,,,,,,,,
57,Licorne 2RP,4,STRASBOURG,12,,,0,84.80328655533717,94.10928464760183,201.9829787234042,13.291489361702126,3.776595744680851,,,,,,,,,,
19,STANDARD/BIO 2RP,4,STRASBOURG,12,2RP,PLANET,0,84.80328655533717,94.10928464760183,201.9829787234042,13.291489361702126,3.776595744680851,,,,,,,,,,
54,STANDARD/BIO 2RP,4,STRASBOURG,12,2RP,PLANET,0,84.80328655533717,94.10928464760183,201.9829787234042,13.291489361702126,3.776595744680851,,,,,,,,,,
18,STANDARD/BIO 6RH,4,STRASBOURG,12,6RH,ETINCEL,17,84.5849502257617,94.21138016154805,201.82352941176475,13.352941176470587,3.4941176470588236,,,,,,,,,,
53,STANDARD/BIO 6RH,4,STRASBOURG,12,6RH,ETINCEL,17,84.5849502257617,94.21138016154805,201.82352941176475,13.352941176470587,3.4941176470588236,,,,,,,,,,
17,HEINEKEN A 2RP PILSEN,5,PROUVY,1,6RH,FARO,2,84.08002843312755,93.2917741970592,173.2959016393443,13.236065573770489,3.737426639344262,,,,,,,,,,
49,HEINEKEN A 2RP PILSEN,5,PROUVY,1,6RH,FARO,2,84.08002843312755,93.2917741970592,173.2959016393443,13.236065573770489,3.737426639344262,,,,,,,,,,
52,HEINEKEN A 2RP PILSEN,5,PROUVY,1,6RH,FARO,2,84.08002843312755,93.2917741970592,173.2959016393443,13.236065573770489,3.737426639344262,,,,,,,,,,
15,HEINEKEN C 6RH PILSEN,5,PROUVY,1,6RH,FARO,31,83.930376868788,93.18356438793914,174.1467741935484,13.25806451612903,3.703323387096774,,,,,,,,,,
45,HEINEKEN C 6RH PILSEN,5,PROUVY,1,6RH,FARO,31,83.930376868788,93.18356438793914,174.1467741935484,13.25806451612903,3.703323387096774,,,,,,,,,,
51,HEINEKEN C 6RH PILSEN,5,PROUVY,1,6RH,FARO,31,83.930376868788,93.18356438793914,174.1467741935484,13.25806451612903,3.703323387096774,,,,,,,,,,
46,Louvain,5,PROUVY,1,6RH,FARO,6,85.00627312663208,93.54584071624778,174.89999999999998,12.85,4.098333333333334,,,,,,,,,,
44,Mubex,5,PROUVY,1,6RH,FARO,17,84.08225656534354,93.65275400429061,171.9470588235294,13.529411764705882,3.6882352941176473,,,,,,,,,,
47,Skol,5,PROUVY,1,2RP,PLANET,3,84.08002843312755,93.2917741970592,173.2959016393443,13.236065573770489,3.737426639344262,,,,,,,,,,
48,Goudale,5,PROUVY,1,6RH,FANTEX,1,84.08002843312755,93.2917741970592,173.2959016393443,13.236065573770489,3.737426639344262,,,,,,,,,,
50,HEINEKEN VIENNE,5,PROUVY,1,6RH,FARO,1,84.08002843312755,93.2917741970592,173.2959016393443,13.236065573770489,3.737426639344262,,,,,,,,,,
17,HEINEKEN A 2RP PILSEN,5,PROUVY,2,6RH,FARO,3,85.03922757306505,93.86574154411561,173.7681818181818,13.066666666666668,4.049696969696969,,,,,,,,,,
49,HEINEKEN A 2RP PILSEN,5,PROUVY,2,6RH,FARO,3,85.03922757306505,93.86574154411561,173.7681818181818,13.066666666666668,4.049696969696969,,,,,,,,,,
52,HEINEKEN A 2RP PILSEN,5,PROUVY,2,6RH,FARO,3,85.03922757306505,93.86574154411561,173.7681818181818,13.066666666666668,4.049696969696969,,,,,,,,,,
15,HEINEKEN C 6RH PILSEN,5,PROUVY,2,6RH,FARO,23,85.03405973281677,94.03067060901316,174.79999999999998,13.217391304347828,4.033478260869565,,,,,,,,,,
45,HEINEKEN C 6RH PILSEN,5,PROUVY,2,6RH,FARO,23,85.03405973281677,94.03067060901316,174.79999999999998,13.217391304347828,4.033478260869565,,,,,,,,,,
51,HEINEKEN C 6RH PILSEN,5,PROUVY,2,6RH,FARO,23,85.03405973281677,94.03067060901316,174.79999999999998,13.217391304347828,4.033478260869565,,,,,,,,,,
46,Louvain,5,PROUVY,2,6RH,FARO,2,85.03922757306505,93.86574154411561,173.7681818181818,13.066666666666668,4.049696969696969,,,,,,,,,,
44,Mubex,5,PROUVY,2,6RH,FARO,0,85.03922757306505,93.86574154411561,173.7681818181818,13.066666666666668,4.049696969696969,,,,,,,,,,
47,Skol,5,PROUVY,2,2RP,PLANET,3,85.03922757306505,93.86574154411561,173.7681818181818,13.066666666666668,4.049696969696969,,,,,,,,,,
48,Goudale,5,PROUVY,2,6RH,FANTEX,1,85.03922757306505,93.86574154411561,173.7681818181818,13.066666666666668,4.049696969696969,,,,,,,,,,
50,HEINEKEN VIENNE,5,PROUVY,2,6RH,FARO,1,85.03922757306505,93.86574154411561,173.7681818181818,13.066666666666668,4.049696969696969,,,,,,,,,,
17,HEINEKEN A 2RP PILSEN,5,PROUVY,3,6RH,FARO,0,85.1289758094076,93.82607873157795,175.08793103448278,12.775862068965516,3.8603448275862067,,,,,,,,,,
49,HEINEKEN A 2RP PILSEN,5,PROUVY,3,6RH,FARO,0,85.1289758094076,93.82607873157795,175.08793103448278,12.775862068965516,3.8603448275862067,,,,,,,,,,
52,HEINEKEN A 2RP PILSEN,5,PROUVY,3,6RH,FARO,0,85.1289758094076,93.82607873157795,175.08793103448278,12.775862068965516,3.8603448275862067,,,,,,,,,,
15,HEINEKEN C 6RH PILSEN,5,PROUVY,3,6RH,FARO,19,85.14451122588402,93.95880879615108,176.14736842105262,12.905263157894735,3.887894736842105,,,,,,,,,,
45,HEINEKEN C 6RH PILSEN,5,PROUVY,3,6RH,FARO,19,85.14451122588402,93.95880879615108,176.14736842105262,12.905263157894735,3.887894736842105,,,,,,,,,,
51,HEINEKEN C 6RH PILSEN,5,PROUVY,3,6RH,FARO,19,85.14451122588402,93.95880879615108,176.14736842105262,12.905263157894735,3.887894736842105,,,,,,,,,,
46,Louvain,5,PROUVY,3,6RH,FARO,5,85.1289758094076,93.82607873157795,175.08793103448278,12.775862068965516,3.8603448275862067,,,,,,,,,,
44,Mubex,5,PROUVY,3,6RH,FARO,0,85.1289758094076,93.82607873157795,175.08793103448278,12.775862068965516,3.8603448275862067,,,,,,,,,,
47,Skol,5,PROUVY,3,2RP,PLANET,0,85.1289758094076,93.82607873157795,175.08793103448278,12.775862068965516,3.8603448275862067,,,,,,,,,,
48,Goudale,5,PROUVY,3,6RH,FANTEX,3,85.1289758094076,93.82607873157795,175.08793103448278,12.775862068965516,3.8603448275862067,,,,,,,,,,
50,HEINEKEN VIENNE,5,PROUVY,3,6RH,FARO,2,85.1289758094076,93.82607873157795,175.08793103448278,12.775862068965516,3.8603448275862067,,,,,,,,,,
17,HEINEKEN A 2RP PILSEN,5,PROUVY,4,6RH,FARO,2,84.50031566880686,93.74442633854584,173.23703703703706,13.353703703703705,3.8793298148148145,,,,,,,,,,
49,HEINEKEN A 2RP PILSEN,5,PROUVY,4,6RH,FARO,2,84.50031566880686,93.74442633854584,173.23703703703706,13.353703703703705,3.8793298148148145,,,,,,,,,,
52,HEINEKEN A 2RP PILSEN,5,PROUVY,4,6RH,FARO,2,84.50031566880686,93.74442633854584,173.23703703703706,13.353703703703705,3.8793298148148145,,,,,,,,,,
15,HEINEKEN C 6RH PILSEN,5,PROUVY,4,6RH,FARO,43,84.7158769380252,94.07650635859375,173.7558139534884,13.399999999999999,3.837297906976744,,,,,,,,,,
45,HEINEKEN C 6RH PILSEN,5,PROUVY,4,6RH,FARO,43,84.7158769380252,94.07650635859375,173.7558139534884,13.399999999999999,3.837297906976744,,,,,,,,,,
51,HEINEKEN C 6RH PILSEN,5,PROUVY,4,6RH,FARO,43,84.7158769380252,94.07650635859375,173.7558139534884,13.399999999999999,3.837297906976744,,,,,,,,,,
46,Louvain,5,PROUVY,4,6RH,FARO,1,84.50031566880686,93.74442633854584,173.23703703703706,13.353703703703705,3.8793298148148145,,,,,,,,,,
44,Mubex,5,PROUVY,4,6RH,FARO,0,84.50031566880686,93.74442633854584,173.23703703703706,13.353703703703705,3.8793298148148145,,,,,,,,,,
47,Skol,5,PROUVY,4,2RP,PLANET,3,84.50031566880686,93.74442633854584,173.23703703703706,13.353703703703705,3.8793298148148145,,,,,,,,,,
48,Goudale,5,PROUVY,4,6RH,FANTEX,2,84.50031566880686,93.74442633854584,173.23703703703706,13.353703703703705,3.8793298148148145,,,,,,,,,,
50,HEINEKEN VIENNE,5,PROUVY,4,6RH,FARO,3,84.50031566880686,93.74442633854584,173.23703703703706,13.353703703703705,3.8793298148148145,,,,,,,,,,
17,HEINEKEN A 2RP PILSEN,5,PROUVY,5,6RH,FARO,3,84.30232977465721,93.32488931328763,173.01057692307697,13.319230769230767,4.041153846153847,,,,,,,,,,
49,HEINEKEN A 2RP PILSEN,5,PROUVY,5,6RH,FARO,3,84.30232977465721,93.32488931328763,173.01057692307697,13.319230769230767,4.041153846153847,,,,,,,,,,
52,HEINEKEN A 2RP PILSEN,5,PROUVY,5,6RH,FARO,3,84.30232977465721,93.32488931328763,173.01057692307697,13.319230769230767,4.041153846153847,,,,,,,,,,
15,HEINEKEN C 6RH PILSEN,5,PROUVY,5,6RH,FARO,45,84.61118637262516,93.65584000308296,173.38000000000008,13.328888888888887,4.0631111111111125,,,,,,,,,,
45,HEINEKEN C 6RH PILSEN,5,PROUVY,5,6RH,FARO,45,84.61118637262516,93.65584000308296,173.38000000000008,13.328888888888887,4.0631111111111125,,,,,,,,,,
51,HEINEKEN C 6RH PILSEN,5,PROUVY,5,6RH,FARO,45,84.61118637262516,93.65584000308296,173.38000000000008,13.328888888888887,4.0631111111111125,,,,,,,,,,
46,Louvain,5,PROUVY,5,6RH,FARO,1,84.30232977465721,93.32488931328763,173.01057692307697,13.319230769230767,4.041153846153847,,,,,,,,,,
44,Mubex,5,PROUVY,5,6RH,FARO,1,84.30232977465721,93.32488931328763,173.01057692307697,13.319230769230767,4.041153846153847,,,,,,,,,,
47,Skol,5,PROUVY,5,2RP,PLANET,0,84.30232977465721,93.32488931328763,173.01057692307697,13.319230769230767,4.041153846153847,,,,,,,,,,
48,Goudale,5,PROUVY,5,6RH,FANTEX,0,84.30232977465721,93.32488931328763,173.01057692307697,13.319230769230767,4.041153846153847,,,,,,,,,,
50,HEINEKEN VIENNE,5,PROUVY,5,6RH,FARO,2,84.30232977465721,93.32488931328763,173.01057692307697,13.319230769230767,4.041153846153847,,,,,,,,,,
17,HEINEKEN A 2RP PILSEN,5,PROUVY,6,6RH,FARO,1,83.61427528737819,92.34832706076631,174.7076923076923,13.190384615384618,4.131538461538462,,,,,,,,,,
49,HEINEKEN A 2RP PILSEN,5,PROUVY,6,6RH,FARO,1,83.61427528737819,92.34832706076631,174.7076923076923,13.190384615384618,4.131538461538462,,,,,,,,,,
52,HEINEKEN A 2RP PILSEN,5,PROUVY,6,6RH,FARO,1,83.61427528737819,92.34832706076631,174.7076923076923,13.190384615384618,4.131538461538462,,,,,,,,,,
15,HEINEKEN C 6RH PILSEN,5,PROUVY,6,6RH,FARO,46,83.65682325339667,92.45194779146121,175.04130434782607,13.26304347826087,4.151739130434782,,,,,,,,,,
45,HEINEKEN C 6RH PILSEN,5,PROUVY,6,6RH,FARO,46,83.65682325339667,92.45194779146121,175.04130434782607,13.26304347826087,4.151739130434782,,,,,,,,,,
51,HEINEKEN C 6RH PILSEN,5,PROUVY,6,6RH,FARO,46,83.65682325339667,92.45194779146121,175.04130434782607,13.26304347826087,4.151739130434782,,,,,,,,,,
46,Louvain,5,PROUVY,6,6RH,FARO,0,83.61427528737819,92.34832706076631,174.7076923076923,13.190384615384618,4.131538461538462,,,,,,,,,,
44,Mubex,5,PROUVY,6,6RH,FARO,4,83.61427528737819,92.34832706076631,174.7076923076923,13.190384615384618,4.131538461538462,,,,,,,,,,
47,Skol,5,PROUVY,6,2RP,PLANET,1,83.61427528737819,92.34832706076631,174.7076923076923,13.190384615384618,4.131538461538462,,,,,,,,,,
48,Goudale,5,PROUVY,6,6RH,FANTEX,0,83.61427528737819,92.34832706076631,174.7076923076923,13.190384615384618,4.131538461538462,,,,,,,,,,
50,HEINEKEN VIENNE,5,PROUVY,6,6RH,FARO,0,83.61427528737819,92.34832706076631,174.7076923076923,13.190384615384618,4.131538461538462,,,,,,,,,,
17,HEINEKEN A 2RP PILSEN,5,PROUVY,7,6RH,FARO,1,83.10650322613405,92.08985155512373,172.6842105263158,13.484210526315792,4.144829736842104,,,,,,,,,,
49,HEINEKEN A 2RP PILSEN,5,PROUVY,7,6RH,FARO,1,83.10650322613405,92.08985155512373,172.6842105263158,13.484210526315792,4.144829736842104,,,,,,,,,,
52,HEINEKEN A 2RP PILSEN,5,PROUVY,7,6RH,FARO,1,83.10650322613405,92.08985155512373,172.6842105263158,13.484210526315792,4.144829736842104,,,,,,,,,,
15,HEINEKEN C 6RH PILSEN,5,PROUVY,7,6RH,FARO,7,84.02147018241192,93.42445556152892,173.45714285714283,13.728571428571428,4.0842857142857145,,,,,,,,,,
45,HEINEKEN C 6RH PILSEN,5,PROUVY,7,6RH,FARO,7,84.02147018241192,93.42445556152892,173.45714285714283,13.728571428571428,4.0842857142857145,,,,,,,,,,
51,HEINEKEN C 6RH PILSEN,5,PROUVY,7,6RH,FARO,7,84.02147018241192,93.42445556152892,173.45714285714283,13.728571428571428,4.0842857142857145,,,,,,,,,,
46,Louvain,5,PROUVY,7,6RH,FARO,1,83.10650322613405,92.08985155512373,172.6842105263158,13.484210526315792,4.144829736842104,,,,,,,,,,
44,Mubex,5,PROUVY,7,6RH,FARO,4,83.10650322613405,92.08985155512373,172.6842105263158,13.484210526315792,4.144829736842104,,,,,,,,,,
47,Skol,5,PROUVY,7,2RP,PLANET,6,82.43081512600763,91.7944348842009,171.24166666666667,14.066666666666668,4.316960833333334,,,,,,,,,,
48,Goudale,5,PROUVY,7,6RH,FANTEX,0,83.10650322613405,92.08985155512373,172.6842105263158,13.484210526315792,4.144829736842104,,,,,,,,,,
50,HEINEKEN VIENNE,5,PROUVY,7,6RH,FARO,0,83.10650322613405,92.08985155512373,172.6842105263158,13.484210526315792,4.144829736842104,,,,,,,,,,
17,HEINEKEN A 2RP PILSEN,5,PROUVY,8,6RH,FARO,3,84.24602989640611,93.60088275978602,172.9706896551724,13.648275862068962,4.058620689655172,,,,,,,,,,
49,HEINEKEN A 2RP PILSEN,5,PROUVY,8,6RH,FARO,3,84.24602989640611,93.60088275978602,172.9706896551724,13.648275862068962,4.058620689655172,,,,,,,,,,
52,HEINEKEN A 2RP PILSEN,5,PROUVY,8,6RH,FARO,3,84.24602989640611,93.60088275978602,172.9706896551724,13.648275862068962,4.058620689655172,,,,,,,,,,
15,HEINEKEN C 6RH PILSEN,5,PROUVY,8,6RH,FARO,23,84.57437321078359,93.98941236746488,173.1478260869565,13.665217391304346,4.052173913043478,,,,,,,,,,
45,HEINEKEN C 6RH PILSEN,5,PROUVY,8,6RH,FARO,23,84.57437321078359,93.98941236746488,173.1478260869565,13.665217391304346,4.052173913043478,,,,,,,,,,
51,HEINEKEN C 6RH PILSEN,5,PROUVY,8,6RH,FARO,23,84.57437321078359,93.98941236746488,173.1478260869565,13.665217391304346,4.052173913043478,,,,,,,,,,
46,Louvain,5,PROUVY,8,6RH,FARO,3,84.24602989640611,93.60088275978602,172.9706896551724,13.648275862068962,4.058620689655172,,,,,,,,,,
44,Mubex,5,PROUVY,8,6RH,FARO,0,84.24602989640611,93.60088275978602,172.9706896551724,13.648275862068962,4.058620689655172,,,,,,,,,,
47,Skol,5,PROUVY,8,2RP,PLANET,0,84.24602989640611,93.60088275978602,172.9706896551724,13.648275862068962,4.058620689655172,,,,,,,,,,
48,Goudale,5,PROUVY,8,6RH,FANTEX,0,84.24602989640611,93.60088275978602,172.9706896551724,13.648275862068962,4.058620689655172,,,,,,,,,,
50,HEINEKEN VIENNE,5,PROUVY,8,6RH,FARO,0,84.24602989640611,93.60088275978602,172.9706896551724,13.648275862068962,4.058620689655172,,,,,,,,,,
17,HEINEKEN A 2RP PILSEN,5,PROUVY,9,6RH,FARO,2,84.48642907699642,93.4531538916634,173.51500000000004,13.306666666666667,4.104993933333334,,,,,,,,,,
49,HEINEKEN A 2RP PILSEN,5,PROUVY,9,6RH,FARO,2,84.48642907699642,93.4531538916634,173.51500000000004,13.306666666666667,4.104993933333334,,,,,,,,,,
52,HEINEKEN A 2RP PILSEN,5,PROUVY,9,6RH,FARO,2,84.48642907699642,93.4531538916634,173.51500000000004,13.306666666666667,4.104993933333334,,,,,,,,,,
15,HEINEKEN C 6RH PILSEN,5,PROUVY,9,6RH,FARO,20,84.52468519484975,93.68161262291811,173.9675,13.430000000000001,4.0524909000000005,,,,,,,,,,
45,HEINEKEN C 6RH PILSEN,5,PROUVY,9,6RH,FARO,20,84.52468519484975,93.68161262291811,173.9675,13.430000000000001,4.0524909000000005,,,,,,,,,,
51,HEINEKEN C 6RH PILSEN,5,PROUVY,9,6RH,FARO,20,84.52468519484975,93.68161262291811,173.9675,13.430000000000001,4.0524909000000005,,,,,,,,,,
46,Louvain,5,PROUVY,9,6RH,FARO,5,84.48642907699642,93.4531538916634,173.51500000000004,13.306666666666667,4.104993933333334,,,,,,,,,,
44,Mubex,5,PROUVY,9,6RH,FARO,0,84.48642907699642,93.4531538916634,173.51500000000004,13.306666666666667,4.104993933333334,,,,,,,,,,
47,Skol,5,PROUVY,9,2RP,PLANET,2,84.48642907699642,93.4531538916634,173.51500000000004,13.306666666666667,4.104993933333334,,,,,,,,,,
48,Goudale,5,PROUVY,9,6RH,FANTEX,1,84.48642907699642,93.4531538916634,173.51500000000004,13.306666666666667,4.104993933333334,,,,,,,,,,
50,HEINEKEN VIENNE,5,PROUVY,9,6RH,FARO,0,84.48642907699642,93.4531538916634,173.51500000000004,13.306666666666667,4.104993933333334,,,,,,,,,,
17,HEINEKEN A 2RP PILSEN,5,PROUVY,10,6RH,FARO,0,84.80203567010311,93.71896085899009,171.63962264150945,13.28301886792453,4.164332056603772,,,,,,,,,,
49,HEINEKEN A 2RP PILSEN,5,PROUVY,10,6RH,FARO,0,84.80203567010311,93.71896085899009,171.63962264150945,13.28301886792453,4.164332056603772,,,,,,,,,,
52,HEINEKEN A 2RP PILSEN,5,PROUVY,10,6RH,FARO,0,84.80203567010311,93.71896085899009,171.63962264150945,13.28301886792453,4.164332056603772,,,,,,,,,,
15,HEINEKEN C 6RH PILSEN,5,PROUVY,10,6RH,FARO,26,85.11812358923599,93.95393890472535,174.15000000000003,13.2,4.188461538461538,,,,,,,,,,
45,HEINEKEN C 6RH PILSEN,5,PROUVY,10,6RH,FARO,26,85.11812358923599,93.95393890472535,174.15000000000003,13.2,4.188461538461538,,,,,,,,,,
51,HEINEKEN C 6RH PILSEN,5,PROUVY,10,6RH,FARO,26,85.11812358923599,93.95393890472535,174.15000000000003,13.2,4.188461538461538,,,,,,,,,,
46,Louvain,5,PROUVY,10,6RH,FARO,6,85.19804351406216,93.69444158092995,176.975,12.916666666666664,4.233333333333333,,,,,,,,,,
44,Mubex,5,PROUVY,10,6RH,FARO,17,84.2181113035385,93.4865890666621,166.1735294117647,13.670588235294117,4.171152882352941,,,,,,,,,,
47,Skol,5,PROUVY,10,2RP,PLANET,0,84.80203567010311,93.71896085899009,171.63962264150945,13.28301886792453,4.164332056603772,,,,,,,,,,
48,Goudale,5,PROUVY,10,6RH,FANTEX,4,84.80203567010311,93.71896085899009,171.63962264150945,13.28301886792453,4.164332056603772,,,,,,,,,,
50,HEINEKEN VIENNE,5,PROUVY,10,6RH,FARO,0,84.80203567010311,93.71896085899009,171.63962264150945,13.28301886792453,4.164332056603772,,,,,,,,,,
17,HEINEKEN A 2RP PILSEN,5,PROUVY,11,6RH,FARO,0,84.34262473042055,93.24277909203728,171.16120689655173,13.282758620689657,4.129310344827586,,,,,,,,,,
49,HEINEKEN A 2RP PILSEN,5,PROUVY,11,6RH,FARO,0,84.34262473042055,93.24277909203728,171.16120689655173,13.282758620689657,4.129310344827586,,,,,,,,,,
52,HEINEKEN A 2RP PILSEN,5,PROUVY,11,6RH,FARO,0,84.34262473042055,93.24277909203728,171.16120689655173,13.282758620689657,4.129310344827586,,,,,,,,,,
15,HEINEKEN C 6RH PILSEN,5,PROUVY,11,6RH,FARO,27,84.95858659807661,93.61888440138425,173.10185185185182,13.048148148148151,4.185185185185185,,,,,,,,,,
45,HEINEKEN C 6RH PILSEN,5,PROUVY,11,6RH,FARO,27,84.95858659807661,93.61888440138425,173.10185185185182,13.048148148148151,4.185185185185185,,,,,,,,,,
51,HEINEKEN C 6RH PILSEN,5,PROUVY,11,6RH,FARO,27,84.95858659807661,93.61888440138425,173.10185185185182,13.048148148148151,4.185185185185185,,,,,,,,,,
46,Louvain,5,PROUVY,11,6RH,FARO,7,84.35996561842221,92.75810518396567,175.79999999999998,13.042857142857143,4.385714285714286,,,,,,,,,,
44,Mubex,5,PROUVY,11,6RH,FARO,16,83.68207565807947,93.17037554205713,166.646875,13.68125,3.8937500000000003,,,,,,,,,,
47,Skol,5,PROUVY,11,2RP,PLANET,1,84.34262473042055,93.24277909203728,171.16120689655173,13.282758620689657,4.129310344827586,,,,,,,,,,
48,Goudale,5,PROUVY,11,6RH,FANTEX,7,83.35956392181974,92.50327930497645,168.75,13.628571428571428,4.142857142857143,,,,,,,,,,
50,HEINEKEN VIENNE,5,PROUVY,11,6RH,FARO,0,84.34262473042055,93.24277909203728,171.16120689655173,13.282758620689657,4.129310344827586,,,,,,,,,,
17,HEINEKEN A 2RP PILSEN,5,PROUVY,12,6RH,FARO,6,84.40150294990204,93.78888445514959,169.97500000000002,13.25,3.5999999999999996,,,,,,,,,,
49,HEINEKEN A 2RP PILSEN,5,PROUVY,12,6RH,FARO,6,84.40150294990204,93.78888445514959,169.97500000000002,13.25,3.5999999999999996,,,,,,,,,,
52,HEINEKEN A 2RP PILSEN,5,PROUVY,12,6RH,FARO,6,84.40150294990204,93.78888445514959,169.97500000000002,13.25,3.5999999999999996,,,,,,,,,,
15,HEINEKEN C 6RH PILSEN,5,PROUVY,12,6RH,FARO,25,85.45309133031749,94.42977944617529,173.49400000000003,12.995999999999997,3.854922239999999,,,,,,,,,,
45,HEINEKEN C 6RH PILSEN,5,PROUVY,12,6RH,FARO,25,85.45309133031749,94.42977944617529,173.49400000000003,12.995999999999997,3.854922239999999,,,,,,,,,,
51,HEINEKEN C 6RH PILSEN,5,PROUVY,12,6RH,FARO,25,85.45309133031749,94.42977944617529,173.49400000000003,12.995999999999997,3.854922239999999,,,,,,,,,,
46,Louvain,5,PROUVY,12,6RH,FARO,3,84.58003816004133,94.02397762344064,170.14112903225808,13.393548387096766,3.7226299354838708,,,,,,,,,,
44,Mubex,5,PROUVY,12,6RH,FARO,27,83.77997415059714,93.84079617693743,166.68703703703707,13.93333333333333,3.6,,,,,,,,,,
47,Skol,5,PROUVY,12,2RP,PLANET,0,84.58003816004133,94.02397762344064,170.14112903225808,13.393548387096766,3.7226299354838708,,,,,,,,,,
48,Goudale,5,PROUVY,12,6RH,FANTEX,1,84.58003816004133,94.02397762344064,170.14112903225808,13.393548387096766,3.7226299354838708,,,,,,,,,,
50,HEINEKEN VIENNE,5,PROUVY,12,6RH,FARO,0,84.58003816004133,94.02397762344064,170.14112903225808,13.393548387096766,3.7226299354838708,,,,,,,,,,
