batch_number,production_line,done,created_at,updated_at,deleted_at
C23C1145,1,2024-01-15 16:30:00,,,
C23C1146,1,2024-01-16 12:30:00,,,
C23C1147,1,2024-01-17 08:30:00,,,
C23C1148,1,2024-01-18 04:30:00,,,
C23C1149,1,2024-01-19 00:30:00,,,
C23C1150,1,2024-01-19 20:30:00,,,
C23C1151,1,2024-01-20 16:30:00,,,
C23C1152,1,2024-01-21 12:30:00,,,
C23C1153,1,2024-01-22 08:30:00,,,
C23C1154,1,2024-01-23 04:30:00,,,
C23C1155,1,2024-01-24 00:30:00,,,
C23C1156,1,2024-01-24 20:30:00,,,
C23C1157,1,2024-01-25 16:30:00,,,
C23C1158,1,2024-01-26 12:30:00,,,
C23C1159,1,2024-01-27 08:30:00,,,
C23C1160,1,2024-01-28 04:30:00,,,
C23C1161,1,2024-01-29 00:30:00,,,
C23C1162,1,2024-01-29 20:30:00,,,
C23C1163,1,2024-01-30 16:30:00,,,
C23C1164,1,2024-01-31 12:30:00,,,
C23C1165,1,2024-02-01 08:30:00,,,
C23C1166,1,2024-02-02 04:30:00,,,
C23C1167,1,2024-02-03 00:30:00,,,
C23C1168,1,2024-02-03 20:30:00,,,
C23C1169,1,2024-02-04 16:30:00,,,
C23C1170,1,2024-02-05 12:30:00,,,
C23C1171,1,2024-02-06 08:30:00,,,
C23C1172,1,2024-02-07 04:30:00,,,
C23C1173,1,2024-02-08 00:30:00,,,
C23C1174,1,2024-02-08 20:30:00,,,
C23C1175,1,2024-02-09 16:30:00,,,
C23C1176,1,2024-02-10 12:30:00,,,
C23C1177,1,2024-02-11 08:30:00,,,
C23C1178,1,2024-02-12 04:30:00,,,
C23C1179,1,2024-02-13 00:30:00,,,
C23C1180,1,2024-02-13 20:30:00,,,
C23C1181,1,2024-02-14 16:30:00,,,
C23C1182,1,2024-02-15 12:30:00,,,
C23C1183,1,2024-02-16 08:30:00,,,
C23C1184,1,2024-02-17 04:30:00,,,
C23C1185,1,2024-02-18 00:30:00,,,
C23C1186,1,2024-02-18 20:30:00,,,
C23C1187,1,2024-02-19 16:30:00,,,
C23C1188,1,2024-02-20 12:30:00,,,
C23C1189,1,2024-02-21 08:30:00,,,
C23C1190,1,2024-02-22 04:30:00,,,
C23C1191,1,2024-02-23 00:30:00,,,
C23C1192,1,2024-02-23 20:30:00,,,
C23C1193,1,2024-02-24 16:30:00,,,
C23C1194,1,2024-02-25 12:30:00,,,
C23C1195,1,2024-02-26 08:30:00,,,
C23C1196,1,2024-02-27 04:30:00,,,
C23C1197,1,2024-02-28 00:30:00,,,
C23C1198,1,2024-02-28 20:30:00,,,
C23C1199,1,2024-02-29 16:30:00,,,
C23C1200,1,2024-03-01 12:30:00,,,
C23C1201,1,2024-03-02 08:30:00,,,
C23C1202,1,2024-03-03 04:30:00,,,
C23C1203,1,2024-03-04 00:30:00,,,
C23C1204,1,2024-03-04 20:30:00,,,
C23C1205,1,2024-03-05 16:30:00,,,
C23C1206,1,2024-03-06 12:30:00,,,
C23C1207,1,2024-03-07 08:30:00,,,
C23C1208,1,2024-03-08 04:30:00,,,
C23C1209,1,2024-03-09 00:30:00,,,
C23C1210,1,2024-03-09 20:30:00,,,
C23C1211,1,2024-03-10 16:30:00,,,
C23C1212,1,2024-03-11 12:30:00,,,
C23C1213,1,2024-03-12 08:30:00,,,
C23C1214,1,2024-03-13 04:30:00,,,
C23C1215,1,2024-03-14 00:30:00,,,
C23C1216,1,2024-03-14 20:30:00,,,
C23C1217,1,2024-03-15 16:30:00,,,
C23C1218,1,2024-03-16 12:30:00,,,
C23C1219,1,2024-03-17 08:30:00,,,
C23C1220,1,2024-03-18 04:30:00,,,
C23C1221,1,2024-03-19 00:30:00,,,
C23C1222,1,2024-03-19 20:30:00,,,
C23C1223,1,2024-03-20 16:30:00,,,
C23C1224,1,2024-03-21 12:30:00,,,
C23C1225,1,2024-03-22 08:30:00,,,
C23C1226,1,2024-03-23 04:30:00,,,
C23C1227,1,2024-03-24 00:30:00,,,
C23C1228,1,2024-03-24 20:30:00,,,
C23C1229,1,2024-03-25 16:30:00,,,
C23C1230,1,2024-03-26 12:30:00,,,
C23C1231,1,2024-03-27 08:30:00,,,
C23C1232,1,2024-03-28 04:30:00,,,
C23C1233,1,2024-03-29 00:30:00,,,
C23C1234,1,2024-03-29 20:30:00,,,
C23C1235,1,2024-03-30 16:30:00,,,
C23C1236,1,2024-03-31 12:30:00,,,
C23C1237,1,2024-04-01 08:30:00,,,
C23C1238,1,2024-04-02 04:30:00,,,
C23C1239,1,2024-04-03 00:30:00,,,
C23C1240,1,2024-04-03 20:30:00,,,
C23C1241,1,2024-04-04 16:30:00,,,
C23C1242,1,2024-04-05 12:30:00,,,
C23C1243,1,2024-04-06 08:30:00,,,
C23C1244,1,2024-04-07 04:30:00,,,
C23C1245,1,2024-04-08 00:30:00,,,
C23C1246,1,2024-04-08 20:30:00,,,
C23C1247,1,2024-04-09 16:30:00,,,
C23C1248,1,2024-04-10 12:30:00,,,
C23C1249,1,2024-04-11 08:30:00,,,
C23C1250,1,2024-04-12 04:30:00,,,
C23C1251,1,2024-04-13 00:30:00,,,
C23C1252,1,2024-04-13 20:30:00,,,
C23C1253,1,2024-04-28 00:30:00,,,
C23C1254,1,2024-04-28 20:30:00,,,
C23C1255,1,2024-04-29 16:30:00,,,
C23C1256,1,2024-04-30 12:30:00,,,
C23C1257,1,2024-05-01 08:30:00,,,
C23C1258,1,2024-05-02 04:30:00,,,
C23C1259,1,2024-05-03 00:30:00,,,
C23C1260,1,2024-05-03 20:30:00,,,
C23C1261,1,2024-05-04 16:30:00,,,
C23C1262,1,2024-05-05 12:30:00,,,
C23C1263,1,2024-05-06 08:30:00,,,
C23C1264,1,2024-05-07 04:30:00,,,
C23C1265,1,2024-05-08 00:30:00,,,
C23C1266,1,2024-05-08 20:30:00,,,
C23C1267,1,2024-05-09 16:30:00,,,
C23C1268,1,2024-05-10 12:30:00,,,
C23C1269,1,2024-05-11 08:30:00,,,
C23C1270,1,2024-05-12 04:30:00,,,
C23C1271,1,2024-05-13 00:30:00,,,
C23C1272,1,2024-05-13 20:30:00,,,
C23C1273,1,2024-05-14 16:30:00,,,
C23C1274,1,2024-05-15 12:30:00,,,
C23C1275,1,2024-05-16 08:30:00,,,
C23C1276,1,2024-05-17 04:30:00,,,
C23C1277,1,2024-05-18 06:30:00,,,
C23C1278,1,2024-05-19 02:30:00,,,
C23C1279,1,2024-05-19 22:30:00,,,
C23C1280,1,2024-05-20 18:30:00,,,
C23C1281,1,2024-05-21 14:30:00,,,
C23C1282,1,2024-05-22 10:30:00,,,
C23C1283,1,2024-05-23 06:30:00,,,
C23C1284,1,2024-05-24 02:30:00,,,
C23C1285,1,2024-05-24 22:30:00,,,
C23C1286,1,2024-05-25 18:30:00,,,
C23C1287,1,2024-05-26 14:30:00,,,
C23C1288,1,2024-05-27 10:30:00,,,
C23C1289,1,2024-05-28 06:30:00,,,
C23C1290,1,2024-05-29 02:30:00,,,
C23C1291,1,2024-05-29 22:30:00,,,
C23C1292,1,2024-05-30 18:30:00,,,
C23C1293,1,2024-05-31 14:30:00,,,
C23C1294,1,2024-06-01 10:30:00,,,
C23C1295,1,2024-06-02 06:30:00,,,
C23C1296,1,2024-06-03 02:30:00,,,
C23C1297,1,2024-06-03 22:30:00,,,
C23C1298,1,2024-06-04 18:30:00,,,
C23C1299,1,2024-06-05 14:30:00,,,
C23C1300,1,2024-06-06 10:30:00,,,
C23C1301,1,2024-06-07 06:30:00,,,
C23C1302,1,2024-06-08 02:30:00,,,
C23C1303,1,2024-06-08 22:30:00,,,
C23C1304,1,2024-06-09 18:30:00,,,
C23C1305,1,2024-06-10 14:30:00,,,
C23C1306,1,2024-06-11 10:30:00,,,
C23C1307,1,2024-06-12 06:30:00,,,
C23C1308,1,2024-06-13 02:30:00,,,
C23C1309,1,2024-06-13 22:30:00,,,
C23C1310,1,2024-06-14 18:30:00,,,
C23C1311,1,2024-06-15 14:30:00,,,
C23C1312,1,2024-06-16 10:30:00,,,
C23C1313,1,2024-06-17 06:30:00,,,
C23C1314,1,2024-06-18 02:30:00,,,
C23C1315,1,2024-06-18 22:30:00,,,
C23C1316,1,2024-06-19 18:30:00,,,
C23C1317,1,2024-06-20 14:30:00,,,
C23C1318,1,2024-06-21 10:30:00,,,
C23C1319,1,2024-06-22 06:30:00,,,
C23C1320,1,2024-06-23 02:30:00,,,
C23C1321,1,2024-06-23 22:30:00,,,
C23C1322,1,2024-06-24 18:30:00,,,
C23C1323,1,2024-06-25 14:30:00,,,
C23C1324,1,2024-06-26 10:30:00,,,
C23C1325,1,2024-06-27 06:30:00,,,
C23C1326,1,2024-06-28 02:30:00,,,
C23C1327,1,2024-06-28 22:30:00,,,
C23C1328,1,2024-06-29 18:30:00,,,
C23C1329,1,2024-06-30 14:30:00,,,
C23C1330,1,2024-07-01 10:30:00,,,
C23C1331,1,2024-07-02 06:30:00,,,
C23C1332,1,2024-07-03 02:30:00,,,
C23C1333,1,2024-07-03 22:30:00,,,
C23C1334,1,2024-07-04 18:30:00,,,
C23C1335,1,2024-07-05 14:30:00,,,
C23C1336,1,2024-07-06 10:30:00,,,
C23C1337,1,2024-07-07 06:30:00,,,
C23C1338,1,2024-07-08 02:30:00,,,
C23C1339,1,2024-07-08 22:30:00,,,
C23C1340,1,2024-07-09 18:30:00,,,
C23C1341,1,2024-07-10 14:30:00,,,
C23C1342,1,2024-07-11 10:30:00,,,
C23C1343,1,2024-07-12 06:30:00,,,
C23C1344,1,2024-07-13 02:30:00,,,
C23C1345,1,2024-07-13 22:30:00,,,
C23C1346,1,2024-07-14 18:30:00,,,
C23C1347,1,2024-07-15 14:30:00,,,
C23C1348,1,2024-07-16 10:30:00,,,
C23C1349,1,2024-07-17 06:30:00,,,
C23C1350,1,2024-07-18 02:30:00,,,
C23C1351,1,2024-07-18 22:30:00,,,
C23C1352,1,2024-07-19 18:30:00,,,
C23C1353,1,2024-07-20 14:30:00,,,
C23C1354,1,2024-07-21 10:30:00,,,
C23C1355,1,2024-07-22 06:30:00,,,
C23C1356,1,2024-07-23 02:30:00,,,
C23C1357,1,2024-07-23 22:30:00,,,
C23C1358,1,2024-07-24 18:30:00,,,
C23C1359,1,2024-07-25 14:30:00,,,
C23C1360,1,2024-07-26 10:30:00,,,
C23C1361,1,2024-07-27 06:30:00,,,
C23C1362,1,2024-07-28 02:30:00,,,
C23C1363,1,2024-07-28 22:30:00,,,
C23C1364,1,2024-07-29 18:30:00,,,
C23C1365,1,2024-07-30 14:30:00,,,
C23C1366,1,2024-07-31 10:30:00,,,
C23C1367,1,2024-08-01 06:30:00,,,
C23C1368,1,2024-08-02 02:30:00,,,
C23C1369,1,2024-08-02 22:30:00,,,
C23C1370,1,2024-08-03 18:30:00,,,
C23C1371,1,2024-08-04 14:30:00,,,
C23C1372,1,2024-08-05 10:30:00,,,
C23C1373,1,2024-08-06 06:30:00,,,
C23C1374,1,2024-08-07 02:30:00,,,
C23C1375,1,2024-08-07 22:30:00,,,
C23C1376,1,2024-08-08 18:30:00,,,
C23C1377,1,2024-08-09 14:30:00,,,
C23C1378,1,2024-08-10 10:30:00,,,
C23C1379,1,2024-08-11 06:30:00,,,
C23C1380,1,2024-08-12 02:30:00,,,
C23C1381,1,2024-08-12 22:30:00,,,
C23C1382,1,2024-08-13 18:30:00,,,
C23C1383,1,2024-08-14 14:30:00,,,
C23C1384,1,2024-08-15 10:30:00,,,
C23C1385,1,2024-08-16 06:30:00,,,
C23C1386,1,2024-08-17 02:30:00,,,
C23C1387,1,2024-08-17 22:30:00,,,
C23C1388,1,2024-08-18 18:30:00,,,
C23C1389,1,2024-08-19 14:30:00,,,
C23C1390,1,2024-08-21 06:30:00,,,
C23C1391,1,2024-08-22 02:30:00,,,
C23C1392,1,2024-08-22 22:30:00,,,
C23C1393,1,2024-08-27 02:30:00,,,
C23C1394,1,2024-08-27 22:30:00,,,
C23C1395,1,2024-08-28 18:30:00,,,
C24C1001,1,2024-08-20 10:30:00,,,
C24C1002,1,2024-08-23 18:30:00,,,
C24C1003,1,2024-08-24 14:30:00,,,
C24C1004,1,2024-08-25 10:30:00,,,
C24C1005,1,2024-08-26 06:30:00,,,
C24C1006,1,2024-08-29 14:30:00,,,
C24C1007,1,2024-08-30 10:30:00,,,
C24C1008,1,2024-08-31 06:30:00,,,
C24C1009,1,2024-09-01 02:30:00,,,
C24C1010,1,2024-09-01 22:30:00,,,
C24C1011,1,2024-09-02 18:30:00,,,
C24C1012,1,2024-09-03 14:30:00,,,
C24C1013,1,2024-09-04 10:30:00,,,
C24C1014,1,2024-09-05 06:30:00,,,
C24C1015,1,2024-09-06 02:30:00,,,
C24C1016,1,2024-09-06 22:30:00,,,
C24C1017,1,2024-09-07 18:30:00,,,
C24C1018,1,2024-09-08 14:30:00,,,
C24C1019,1,2024-09-09 10:30:00,,,
C24C1020,1,2024-09-10 06:30:00,,,
C24C1021,1,2024-09-11 02:30:00,,,
C24C1022,1,2024-09-12 04:30:00,,,
C24C1023,1,2024-09-13 00:30:00,,,
C24C1024,1,2024-09-13 20:30:00,,,
C24C1025,1,2024-09-14 16:30:00,,,
C24C1026,1,2024-09-15 12:30:00,,,
C24C1027,1,2024-09-16 08:30:00,,,
C24C1028,1,2024-09-17 04:30:00,,,
C24C1029,1,2024-09-18 00:30:00,,,
C24C1030,1,2024-09-18 20:30:00,,,
C24C1031,1,2024-09-19 16:30:00,,,
C24C1032,1,2024-09-20 12:30:00,,,
C24C1033,1,2024-09-21 08:30:00,,,
C24C1034,1,2024-09-22 04:30:00,,,
C24C1035,1,2024-09-23 00:30:00,,,
C24C1036,1,2024-09-23 20:30:00,,,
C24C1037,1,2024-09-24 16:30:00,,,
C24C1038,1,2024-09-25 12:30:00,,,
C24C1039,1,2024-09-26 08:30:00,,,
C24C1040,1,2024-09-27 04:30:00,,,
C23C1041,1,2024-09-28 00:30:00,,,
C24C1042,1,2024-09-28 20:30:00,,,
C24C1043,1,2024-09-29 16:30:00,,,
C24C1044,1,2024-09-30 12:30:00,,,
C24C1045,1,2024-10-01 08:30:00,,,
C24C1046,1,2024-10-02 04:30:00,,,
C24C1047,1,2024-10-03 00:30:00,,,
C24C1048,1,2024-10-03 20:30:00,,,
C24C1049,1,2024-10-04 16:30:00,,,
C24C1050,1,2024-10-05 11:30:00,,,
C24C1051,1,2024-10-06 06:30:00,,,
C24C1052,1,2024-10-07 01:30:00,,,
C24C1053,1,2024-10-07 20:30:00,,,
C24C1054,1,2024-10-08 15:30:00,,,
C24C1055,1,2024-10-09 10:30:00,,,
C24C1056,1,2024-10-10 05:30:00,,,
C24C1057,1,2024-10-11 00:30:00,,,
C24C1058,1,2024-10-11 19:30:00,,,
C24C1059,1,2024-10-12 14:30:00,,,
C24C1060,1,2024-10-13 09:30:00,,,
C24C1061,1,2024-10-14 04:30:00,,,
C24C1062,1,2024-10-14 23:30:00,,,
C24C1063,1,2024-10-15 18:30:00,,,
C24C1064,1,2024-10-17 13:30:00,,,
C24C1065,1,2024-10-17 08:30:00,,,
C24C1066,1,2024-10-18 03:30:00,,,
C24C1067,1,2024-10-19 22:30:00,,,
C24C1068,1,2024-10-20 17:30:00,,,
C24C1069,1,2024-10-21 12:30:00,,,
C24C1070,1,2024-10-22 00:00:00,,,
C24C1071,1,2024-10-23 00:00:00,,,
C24C1072,1,2024-10-24 00:00:00,,,
C24C1073,1,2024-10-24 16:30:00,,,
C24C1074,1,2024-10-25 11:30:00,,,
C24C1075,1,2024-10-26 06:30:00,,,
C24C1076,1,2024-10-27 00:00:00,,,
C24C1077,1,2024-10-28 00:00:00,,,
C24C1078,1,2024-10-29 00:00:00,,,
C24C1079,1,2024-10-30 00:00:00,,,
C24C1080,1,2024-10-31 00:00:00,,,
C24C1081,1,2024-11-01 00:00:00,,,
C24C1082,1,2024-11-01 00:00:00,,,
C24C1083,1,2024-11-02 00:00:00,,,
C24C1084,1,2024-11-03 00:00:00,,,
C24C1085,1,2024-11-04 00:00:00,,,
C24C1086,1,2024-11-05 00:00:00,,,
C24C1087,1,2024-11-06 00:00:00,,,
C24C1088,1,2024-11-06 00:00:00,,,
C24C1089,1,2024-11-07 00:00:00,,,
C24C1090,1,2024-11-08 00:00:00,,,
C24C1091,1,2024-11-09 00:00:00,,,
C24C1092,1,2024-11-10 00:00:00,,,
C24C1093,1,2024-11-11 00:00:00,,,
C24C1094,1,2024-11-11 00:00:00,,,
C24C1095,1,2024-11-12 00:00:00,,,
C24C1096,1,2024-11-13 00:00:00,,,
C24C1097,1,2024-11-14 00:00:00,,,
C24C1098,1,2024-11-15 00:00:00,,,
C24C1099,1,2024-11-15 00:00:00,,,
C24C1100,1,2024-11-16 00:00:00,,,
C24C1101,1,2024-11-17 00:00:00,,,
C24C1102,1,2024-11-18 00:00:00,,,
C24C1103,1,2024-11-19 00:00:00,,,
C24C1104,1,2024-11-19 00:00:00,,,
C24C1105,1,2024-11-20 00:00:00,,,
C24C1106,1,2024-11-21 00:00:00,,,
C24C1107,1,2024-11-22 00:00:00,,,
C24C1108,1,2024-11-23 00:00:00,,,
C24C1109,1,2024-11-23 00:00:00,,,
C24C1110,1,2024-11-24 00:00:00,,,
C24C1111,1,2024-11-25 00:00:00,,,
C24C1112,1,2024-11-26 00:00:00,,,
C24C1113,1,2024-11-27 00:00:00,,,
C24C1114,1,2024-11-27 00:00:00,,,
C24C1115,1,2024-11-28 00:00:00,,,
C24C1116,1,2024-11-29 00:00:00,,,
C24C1117,1,2024-11-30 00:00:00,,,
C24C1118,1,2024-12-01 00:00:00,,,
C24C1119,1,2024-12-02 00:00:00,,,
C24C1120,1,2024-12-02 00:00:00,,,
C24C1121,1,2024-12-03 00:00:00,,,
C24C1122,1,2024-12-04 00:00:00,,,
C24C1123,1,2024-12-05 00:00:00,,,
C24C1124,1,2024-12-06 00:00:00,,,
C24C1125,1,2024-12-07 00:00:00,,,
C24C1126,1,2024-12-07 00:00:00,,,
C24C1127,1,2024-12-08 00:00:00,,,
C24C1128,1,2024-12-09 00:00:00,,,
C24C1129,1,2024-12-10 00:00:00,,,
C24C1130,1,2024-12-11 00:00:00,,,
C24C1131,1,2024-12-12 00:00:00,,,
C24C1132,1,2024-12-12 00:00:00,,,
C24C1133,1,2024-12-13 00:00:00,,,
C24C1134,1,2024-12-14 00:00:00,,,
C24C1135,1,2024-12-15 00:00:00,,,
C24C1136,1,2024-12-16 00:00:00,,,
C24C1137,1,2024-12-17 00:00:00,,,
C24C1138,1,2024-12-18 00:00:00,,,
C24C1139,1,2024-12-19 00:00:00,,,
C24C1140,1,2024-12-19 00:00:00,,,
C24C1141,1,2024-12-20 00:00:00,,,
C24C1142,1,2024-12-21 00:00:00,,,
C24C1143,1,2024-12-22 00:00:00,,,
C24C1144,1,2024-12-23 00:00:00,,,
C24C1145,1,2024-12-24 00:00:00,,,
C24C1146,1,2024-12-24 00:00:00,,,
C24C1147,1,2024-12-25 00:00:00,,,
C24C1148,1,2024-12-26 00:00:00,,,
C24C1149,1,2024-12-27 00:00:00,,,
C24C1150,1,2024-12-28 00:00:00,,,
C24C1151,1,2024-12-29 00:00:00,,,
C24C1152,1,2024-12-29 00:00:00,,,
C24C1153,1,2024-12-30 00:00:00,,,
C24C1154,1,2024-12-31 00:00:00,,,
C24C1155,1,2024-12-31 00:00:00,,,
C24C1156,1,2025-01-01 00:00:00,,,
C24C1157,1,2025-01-02 00:00:00,,,
C24C1158,1,2025-01-03 00:00:00,,,
C24C1159,1,2025-01-04 00:00:00,,,
C24C1160,1,2025-01-04 00:00:00,,,
C24C1161,1,2025-01-06 00:00:00,,,
C24C1162,1,2025-01-07 00:00:00,,,
C24C1163,1,2025-01-07 00:00:00,,,
C24C1164,1,2025-01-08 00:00:00,,,
C24C1165,1,2025-01-09 00:00:00,,,
C24C1166,1,2025-01-10 00:00:00,,,
C24C1167,1,2025-01-11 00:00:00,,,
C24C1168,1,2025-01-11 00:00:00,,,
C24C1169,1,2025-01-12 00:00:00,,,
C24C1170,1,2025-01-13 00:00:00,,,
C24C1171,1,2025-01-14 00:00:00,,,
C24C1172,1,2025-01-15 00:00:00,,,
C24C1173,1,2025-01-15 00:00:00,,,
C24C1174,1,2025-01-16 00:00:00,,,
C24C1175,1,2025-01-17 00:00:00,,,
C24C1176,1,2025-01-18 00:00:00,,,
C24C1177,1,2025-01-19 00:00:00,,,
C24C1178,1,2025-01-19 00:00:00,,,
C24C1179,1,2025-01-20 00:00:00,,,
C24C1180,1,2025-01-21 00:00:00,,,
C24C1181,1,2025-01-22 00:00:00,,,
C24C1182,1,2025-01-23 00:00:00,,,
C24C1183,1,2025-01-23 00:00:00,,,
C24C1184,1,2025-01-24 00:00:00,,,
C24C1185,1,2025-01-25 00:00:00,,,
C24C1186,1,2025-01-26 00:00:00,,,
C24C1187,1,2025-01-26 00:00:00,,,
C24C1188,1,2025-01-27 00:00:00,,,
C24C1189,1,2025-01-28 00:00:00,,,
C24C1190,1,2025-01-29 00:00:00,,,
C24C1191,1,2025-01-30 00:00:00,,,
C24C1192,1,2025-01-31 00:00:00,,,
C24C1193,1,2025-01-31 00:00:00,,,
C24C1194,1,2025-02-01 00:00:00,,,
C24C1195,1,2025-02-02 00:00:00,,,
C24C1196,1,2025-02-03 00:00:00,,,
C24C1197,1,2025-02-04 00:00:00,,,
C24C1198,1,2025-02-05 00:00:00,,,
C24C1199,1,2025-02-05 00:00:00,,,
C24C1200,1,2025-02-06 00:00:00,,,
C24C1201,1,2025-02-07 00:00:00,,,
C24C1202,1,2025-02-08 00:00:00,,,
C24C1203,1,2025-02-09 00:00:00,,,
C24C1204,1,2025-02-10 00:00:00,,,
C24C1205,1,2025-02-11 00:00:00,,,
C24C1206,1,2025-02-11 00:00:00,,,
C24C1207,1,2025-02-12 00:00:00,,,
C24C1208,1,2025-02-13 00:00:00,,,
C24C1209,1,2025-02-14 00:00:00,,,
C24C1210,1,2025-02-15 00:00:00,,,
C24C1211,1,2025-02-16 00:00:00,,,
C24C1212,1,2025-02-17 00:00:00,,,
C24C1213,1,2025-02-17 00:00:00,,,
C24C1214,1,2025-02-18 00:00:00,,,
C24C1215,1,2025-02-19 00:00:00,,,
C24C1216,1,2025-02-20 00:00:00,,,
C24C1217,1,2025-02-21 00:00:00,,,
C24C1218,1,2025-02-21 00:00:00,,,
C24C1219,1,2025-02-23 00:00:00,,,
C24C1220,1,2025-02-23 00:00:00,,,
C24C1221,1,2025-02-24 00:00:00,,,
C24C1222,1,2025-02-25 00:00:00,,,
C24C1223,1,2025-02-26 00:00:00,,,
C24C1224,1,2025-02-27 00:00:00,,,
C24C1225,1,2025-02-27 00:00:00,,,
C24C1226,1,2025-02-28 00:00:00,,,
C24C1227,1,2025-03-01 00:00:00,,,
C24C1228,1,2025-03-02 00:00:00,,,
C24C1229,1,2025-03-03 00:00:00,,,
C24C1230,1,2025-03-03 00:00:00,,,
C24C1231,1,2025-03-04 00:00:00,,,
C24C1232,1,2025-03-05 00:00:00,,,
C24C1233,1,2025-03-06 00:00:00,,,
C24C1234,1,2025-03-07 00:00:00,,,
C24C1235,1,2025-03-08 00:00:00,,,
C24C1236,1,2025-03-09 00:00:00,,,
C24C1237,1,2025-03-09 00:00:00,,,
C24C1238,1,2025-03-10 00:00:00,,,
C24C1239,1,2025-03-11 00:00:00,,,
C24C1240,1,2025-03-12 00:00:00,,,
C24C1241,1,2025-03-13 00:00:00,,,
C24C1242,1,2025-03-14 00:00:00,,,
C24C1243,1,2025-03-14 00:00:00,,,
C24C1244,1,2025-03-15 00:00:00,,,
C24C1245,1,2025-03-16 00:00:00,,,
C24C1246,1,2025-03-17 00:00:00,,,
C24C1247,1,2025-03-18 00:00:00,,,
C24C1248,1,2025-03-19 00:00:00,,,
C24C1249,1,2025-03-19 00:00:00,,,
C24C1250,1,2025-03-20 00:00:00,,,
C24C1251,1,2025-03-21 00:00:00,,,
C24C1252,1,2025-03-22 00:00:00,,,
C24C1253,1,2025-03-23 00:00:00,,,
C24C1254,1,2025-03-23 00:00:00,,,
C24C1255,1,2025-03-24 00:00:00,,,
C24C1256,1,2025-03-25 00:00:00,,,
C24C1257,1,2025-03-26 00:00:00,,,
C24C1258,1,2025-03-26 00:00:00,,,
C24C1259,1,2025-03-27 00:00:00,,,
C24C1260,1,2025-03-28 00:00:00,,,
C24C1261,1,2025-03-29 00:00:00,,,
C24C1262,1,2025-03-30 00:00:00,,,
C24C1263,1,2025-03-31 00:00:00,,,
C24C1264,1,2025-03-31 00:00:00,,,
C24C1265,1,2025-04-01 00:00:00,,,
C24C1266,1,2025-04-02 00:00:00,,,
C24C1267,1,2025-04-03 00:00:00,,,
C24C1268,1,2025-04-04 00:00:00,,,
C24C1269,1,2025-04-04 00:00:00,,,
C24C1270,1,2025-04-05 00:00:00,,,
C24C1271,1,2025-04-06 00:00:00,,,
NG1_2024_7686,6,2024-07-01 00:00:00,,,
NG1_2024_7687,6,2024-07-02 00:00:00,,,
NG1_2024_7688,6,2024-07-03 00:00:00,,,
NG1_2024_7689,6,2024-07-04 00:00:00,,,
NG1_2024_7690,6,2024-07-05 00:00:00,,,
NG1_2024_7691,6,2024-07-06 00:00:00,,,
NG1_2024_7692,6,2024-07-07 00:00:00,,,
NG1_2024_7693,6,2024-07-08 00:00:00,,,
NG1_2024_7694,6,2024-07-09 00:00:00,,,
NG1_2024_7695,6,2024-07-10 00:00:00,,,
NG1_2024_7696,6,2024-07-10 00:00:00,,,
NG1_2024_7697,6,2024-07-11 00:00:00,,,
NG1_2024_7698,6,2024-07-12 00:00:00,,,
NG1_2024_7699,6,2024-07-13 00:00:00,,,
NG1_2024_7700,6,2024-07-14 00:00:00,,,
NG1_2024_7701,6,2024-07-15 00:00:00,,,
NG1_2024_7702,6,2024-07-16 00:00:00,,,
NG1_2024_7703,6,2024-07-17 00:00:00,,,
NG1_2024_7704,6,2024-07-18 00:00:00,,,
NG1_2024_7705,6,2024-07-19 00:00:00,,,
NG1_2024_7706,6,2024-07-20 00:00:00,,,
NG1_2024_7707,6,2024-07-21 00:00:00,,,
NG1_2024_7708,6,2024-07-22 00:00:00,,,
NG1_2024_7709,6,2024-07-23 00:00:00,,,
NG1_2024_7710,6,2024-07-24 00:00:00,,,
NG1_2024_7711,6,2024-07-25 00:00:00,,,
NG1_2024_7712,6,2024-07-26 00:00:00,,,
NG1_2024_7713,6,2024-07-27 00:00:00,,,
NG1_2024_7714,6,2024-07-28 00:00:00,,,
NG1_2024_7715,6,2024-07-29 00:00:00,,,
NG1_2024_7716,6,2024-07-30 00:00:00,,,
NG1_2024_7717,6,2024-07-31 00:00:00,,,
NG1_2024_7718,6,2024-08-01 00:00:00,,,
NG1_2024_7719,6,2024-08-02 00:00:00,,,
NG1_2024_7720,6,2024-08-03 00:00:00,,,
NG1_2024_7721,6,2024-08-04 00:00:00,,,
NG1_2024_7722,6,2024-08-05 00:00:00,,,
NG1_2024_7723,6,2024-08-06 00:00:00,,,
NG1_2024_7724,6,2024-08-07 00:00:00,,,
NG1_2024_7725,6,2024-08-08 00:00:00,,,
NG1_2024_7726,6,2024-08-09 00:00:00,,,
NG1_2024_7727,6,2024-08-10 00:00:00,,,
NG1_2024_7728,6,2024-08-11 00:00:00,,,
NG1_2024_7729,6,2024-08-12 00:00:00,,,
NG1_2024_7730,6,2024-08-13 00:00:00,,,
NG1_2024_7731,6,2024-08-14 00:00:00,,,
NG1_2024_7732,6,2024-08-15 00:00:00,,,
NG1_2024_7733,6,2024-08-16 00:00:00,,,
NG1_2024_7734,6,2024-08-17 00:00:00,,,
NG1_2024_7735,6,2024-08-18 00:00:00,,,
NG1_2024_7736,6,2024-08-19 00:00:00,,,
NG1_2024_7737,6,2024-08-20 00:00:00,,,
NG1_2024_7738,6,2024-08-21 00:00:00,,,
NG1_2024_7739,6,2024-08-22 00:00:00,,,
NG1_2024_7740,6,2024-08-23 00:00:00,,,
NG1_2024_7741,6,2024-08-24 00:00:00,,,
NG1_2024_7742,6,2024-08-25 00:00:00,,,
NG1_2024_7743,6,2024-08-26 00:00:00,,,
NG1_2024_7744,6,2024-08-27 00:00:00,,,
NG1_2024_7745,6,2024-08-28 00:00:00,,,
NG1_2024_7746,6,2024-08-29 00:00:00,,,
NG1_2024_7747,6,2024-08-30 00:00:00,,,
NG1_2024_7748,6,2024-08-31 00:00:00,,,
NG1_2024_7749,6,2024-09-01 00:00:00,,,
NG1_2024_7750,6,2024-09-02 00:00:00,,,
NG1_2024_7751,6,2024-09-03 00:00:00,,,
NG1_2024_7752,6,2024-09-04 00:00:00,,,
NG1_2024_7753,6,2024-09-05 00:00:00,,,
NG1_2024_7754,6,2024-09-06 00:00:00,,,
NG1_2024_7755,6,2024-09-07 00:00:00,,,
NG1_2024_7756,6,2024-09-08 00:00:00,,,
NG1_2024_7757,6,2024-09-08 00:00:00,,,
NG1_2024_7758,6,2024-09-09 00:00:00,,,
NG1_2024_7759,6,2024-09-10 00:00:00,,,
NG1_2024_7760,6,2024-09-11 00:00:00,,,
NG1_2024_7761,6,2024-09-12 00:00:00,,,
NG1_2024_7762,6,2024-09-13 00:00:00,,,
NG1_2024_7763,6,2024-09-14 00:00:00,,,
NG1_2024_7764,6,2024-09-15 00:00:00,,,
NG1_2024_7765,6,2024-09-16 00:00:00,,,
NG1_2024_7766,6,2024-09-17 00:00:00,,,
NG1_2024_7767,6,2024-09-18 00:00:00,,,
NG1_2024_7768,6,2024-09-19 00:00:00,,,
NG1_2024_7769,6,2024-09-20 00:00:00,,,
NG1_2024_7770,6,2024-09-21 00:00:00,,,
NG1_2024_7771,6,2024-09-22 00:00:00,,,
NG1_2024_7772,6,2024-09-23 00:00:00,,,
NG1_2024_7773,6,2024-09-24 00:00:00,,,
NG1_2024_7774,6,2024-09-25 00:00:00,,,
NG1_2024_7775,6,2024-09-25 00:00:00,,,
NG1_2024_7776,6,2024-09-26 00:00:00,,,
NG1_2024_7777,6,2024-09-27 00:00:00,,,
NG1_2024_7778,6,2024-09-28 00:00:00,,,
NG1_2024_7779,6,2024-09-29 00:00:00,,,
NG1_2024_7780,6,2024-09-30 00:00:00,,,
NG1_2024_7781,6,2024-10-01 00:00:00,,,
NG1_2024_7782,6,2024-10-02 00:00:00,,,
NG1_2024_7783,6,2024-10-03 00:00:00,,,
NG1_2024_7784,6,2024-10-04 00:00:00,,,
NG1_2024_7785,6,2024-10-05 00:00:00,,,
NG1_2024_7786,6,2024-10-06 00:00:00,,,
NG1_2024_7787,6,2024-10-07 00:00:00,,,
NG1_2024_7788,6,2024-10-08 00:00:00,,,
NG1_2024_7789,6,2024-10-09 00:00:00,,,
NG1_2024_7790,6,2024-10-10 00:00:00,,,
NG1_2024_7791,6,2024-10-11 00:00:00,,,
NG1_2024_7792,6,2024-10-12 00:00:00,,,
NG1_2024_7793,6,2024-10-13 00:00:00,,,
NG1_2024_7794,6,2024-10-14 00:00:00,,,
NG1_2024_7795,6,2024-10-15 00:00:00,,,
NG1_2024_7796,6,2024-10-16 00:00:00,,,
NG1_2024_7797,6,2024-10-17 00:00:00,,,
NG1_2024_7798,6,2024-10-17 00:00:00,,,
NG1_2024_7799,6,2024-10-18 00:00:00,,,
NG1_2024_7800,6,2024-10-19 00:00:00,,,
NG1_2024_7801,6,2024-10-20 00:00:00,,,
NG1_2024_7802,6,2024-10-21 00:00:00,,,
NG1_2024_7803,6,2024-10-22 00:00:00,,,
NG1_2024_7804,6,2024-10-23 00:00:00,,,
NG1_2024_7805,6,2024-10-24 00:00:00,,,
NG1_2024_7806,6,2024-10-25 00:00:00,,,
NG1_2024_7807,6,2024-10-26 00:00:00,,,
NG1_2024_7808,6,2024-10-27 00:00:00,,,
NG1_2024_7809,6,2024-10-28 00:00:00,,,
NG1_2024_7810,6,2024-10-29 00:00:00,,,
NG1_2024_7811,6,2024-10-30 00:00:00,,,
NG1_2024_7812,6,2024-10-31 00:00:00,,,
NG1_2024_7813,6,2024-11-01 00:00:00,,,
NG1_2024_7814,6,2024-11-02 00:00:00,,,
NG1_2024_7815,6,2024-11-03 00:00:00,,,
NG1_2024_7816,6,2024-11-04 00:00:00,,,
NG1_2024_7817,6,2024-11-05 00:00:00,,,
NG1_2024_7818,6,2024-11-06 00:00:00,,,
NG1_2024_7819,6,2024-11-07 00:00:00,,,
NG1_2024_7820,6,2024-11-08 00:00:00,,,
NG1_2024_7821,6,2024-11-09 00:00:00,,,
NG1_2024_7822,6,2024-11-10 00:00:00,,,
NG1_2024_7823,6,2024-11-11 00:00:00,,,
NG1_2024_7824,6,2024-11-12 00:00:00,,,
NG1_2024_7825,6,2024-11-12 00:00:00,,,
NG1_2024_7826,6,2024-11-13 00:00:00,,,
NG1_2024_7827,6,2024-11-14 00:00:00,,,
NG1_2024_7828,6,2024-11-15 00:00:00,,,
NG1_2024_7829,6,2024-11-16 00:00:00,,,
NG1_2024_7830,6,2024-11-17 00:00:00,,,
NG1_2024_7831,6,2024-11-18 00:00:00,,,
NG1_2024_7832,6,2024-11-19 00:00:00,,,
NG1_2024_7833,6,2024-11-20 00:00:00,,,
NG1_2024_7834,6,2024-11-21 00:00:00,,,
NG1_2024_7835,6,2024-11-22 00:00:00,,,
NG1_2024_7836,6,2024-11-23 00:00:00,,,
NG1_2024_7837,6,2024-11-24 00:00:00,,,
NG1_2024_7838,6,2024-11-25 00:00:00,,,
NG1_2024_7839,6,2024-11-26 00:00:00,,,
NG1_2024_7840,6,2024-11-27 00:00:00,,,
NG1_2024_7841,6,2024-11-27 00:00:00,,,
NG1_2024_7842,6,2024-11-28 00:00:00,,,
NG1_2024_7843,6,2024-11-29 00:00:00,,,
NG1_2024_7844,6,2024-11-30 00:00:00,,,
NG1_2024_7845,6,2024-12-01 00:00:00,,,
NG1_2024_7846,6,2024-12-02 00:00:00,,,
NG1_2024_7847,6,2024-12-03 00:00:00,,,
NG1_2024_7848,6,2024-12-04 00:00:00,,,
NG1_2024_7849,6,2024-12-05 00:00:00,,,
NG1_2024_7850,6,2024-12-06 00:00:00,,,
NG1_2024_7851,6,2024-12-07 00:00:00,,,
NG1_2024_7852,6,2024-12-08 00:00:00,,,
NG1_2024_7853,6,2024-12-09 00:00:00,,,
NG1_2024_7854,6,2024-12-10 00:00:00,,,
NG1_2024_7855,6,2024-12-10 00:00:00,,,
NG1_2024_7856,6,2024-12-11 00:00:00,,,
NG1_2024_7857,6,2024-12-12 00:00:00,,,
NG1_2024_7858,6,2024-12-13 00:00:00,,,
NG1_2024_7859,6,2024-12-14 00:00:00,,,
NG1_2024_7860,6,2024-12-15 00:00:00,,,
NG1_2024_7861,6,2024-12-16 00:00:00,,,
NG1_2024_7862,6,2024-12-17 00:00:00,,,
NG1_2024_7863,6,2024-12-18 00:00:00,,,
NG1_2024_7864,6,2024-12-19 00:00:00,,,
NG1_2024_7865,6,2024-12-20 00:00:00,,,
NG1_2024_7866,6,2024-12-21 00:00:00,,,
NG1_2024_7867,6,2024-12-21 00:00:00,,,
NG1_2024_7868,6,2024-12-22 00:00:00,,,
NG1_2024_7869,6,2024-12-23 00:00:00,,,
NG1_2024_7870,6,2024-12-24 00:00:00,,,
NG1_2024_7871,6,2024-12-25 00:00:00,,,
NG1_2024_7872,6,2024-12-26 00:00:00,,,
NG1_2024_7873,6,2024-12-27 00:00:00,,,
NG1_2024_7874,6,2024-12-28 00:00:00,,,
NG1_2024_7875,6,2024-12-29 00:00:00,,,
NG1_2024_7876,6,2024-12-30 00:00:00,,,
NG1_2024_7877,6,2024-12-31 00:00:00,,,
NG1_2024_7878,6,2025-01-01 00:00:00,,,
NG1_2024_7879,6,2025-01-01 00:00:00,,,
NG1_2024_7880,6,2025-01-02 00:00:00,,,
NG1_2024_7881,6,2025-01-03 00:00:00,,,
NG1_2024_7882,6,2025-01-04 00:00:00,,,
NG1_2024_7883,6,2025-01-05 00:00:00,,,
NG1_2024_7884,6,2025-01-06 00:00:00,,,
NG1_2024_7885,6,2025-01-07 00:00:00,,,
NG1_2024_7886,6,2025-01-08 00:00:00,,,
NG1_2024_7887,6,2025-01-09 00:00:00,,,
NG1_2025_7888,6,2025-01-10 00:00:00,,,
NG1_2025_7889,6,2025-01-11 00:00:00,,,
NG1_2025_7890,6,2025-01-12 00:00:00,,,
NG1_2025_7891,6,2025-01-13 00:00:00,,,
NG1_2025_7892,6,2025-01-13 00:00:00,,,
NG1_2025_7893,6,2025-01-14 00:00:00,,,
NG1_2025_7894,6,2025-01-15 00:00:00,,,
NG1_2025_7895,6,2025-01-16 00:00:00,,,
NG1_2025_7896,6,2025-01-17 00:00:00,,,
NG1_2025_7897,6,2025-01-18 00:00:00,,,
NG1_2025_7898,6,2025-01-19 00:00:00,,,
NG1_2025_7899,6,2025-01-20 00:00:00,,,
NG1_2025_7900,6,2025-01-21 00:00:00,,,
NG1_2025_7901,6,2025-01-22 00:00:00,,,
NG1_2025_7902,6,2025-01-23 00:00:00,,,
NG1_2025_7903,6,2025-01-23 00:00:00,,,
NG1_2025_7904,6,2025-01-24 00:00:00,,,
NG1_2025_7905,6,2025-01-25 00:00:00,,,
NG1_2025_7906,6,2025-01-26 00:00:00,,,
NG1_2025_7907,6,2025-01-27 00:00:00,,,
NG1_2025_7908,6,2025-01-28 00:00:00,,,
NG1_2025_7909,6,2025-01-29 00:00:00,,,
NG1_2025_7910,6,2025-01-30 00:00:00,,,
NG1_2025_7911,6,2025-01-31 00:00:00,,,
NG1_2025_7912,6,2025-02-01 00:00:00,,,
NG1_2025_7913,6,2025-02-02 00:00:00,,,
NG1_2025_7914,6,2025-02-03 00:00:00,,,
NG1_2025_7915,6,2025-02-03 00:00:00,,,
NG1_2025_7916,6,2025-02-04 00:00:00,,,
NG1_2025_7917,6,2025-02-05 00:00:00,,,
NG1_2025_7918,6,2025-02-06 00:00:00,,,
NG1_2025_7919,6,2025-02-07 00:00:00,,,
NG1_2025_7920,6,2025-02-08 00:00:00,,,
NG1_2025_7921,6,2025-02-09 00:00:00,,,
NG1_2025_7922,6,2025-02-10 00:00:00,,,
NG1_2025_7923,6,2025-02-11 00:00:00,,,
NG1_2025_7924,6,2025-02-12 00:00:00,,,
NG1_2025_7925,6,2025-02-13 00:00:00,,,
NG1_2025_7926,6,2025-02-14 00:00:00,,,
NG1_2025_7927,6,2025-02-15 00:00:00,,,
NG1_2025_7928,6,2025-02-16 00:00:00,,,
NG1_2025_7929,6,2025-02-17 00:00:00,,,
NG1_2025_7930,6,2025-02-18 00:00:00,,,
NG1_2025_7931,6,2025-02-19 00:00:00,,,
NG1_2025_7932,6,2025-02-19 00:00:00,,,
NG1_2025_7933,6,2025-02-20 00:00:00,,,
NG1_2025_7934,6,2025-02-21 00:00:00,,,
NG1_2025_7935,6,2025-02-22 00:00:00,,,
NG1_2025_7936,6,2025-02-23 00:00:00,,,
NG1_2025_7937,6,2025-02-24 00:00:00,,,
NG1_2025_7938,6,2025-02-25 00:00:00,,,
NG1_2025_7939,6,2025-02-26 00:00:00,,,
NG1_2025_7940,6,2025-02-27 00:00:00,,,
NG1_2025_7941,6,2025-02-27 00:00:00,,,
NG1_2025_7942,6,2025-02-28 00:00:00,,,
NG1_2025_7943,6,2025-03-01 00:00:00,,,
NG1_2025_7944,6,2025-03-02 00:00:00,,,
NG1_2025_7945,6,2025-03-03 00:00:00,,,
NG1_2025_7946,6,2025-03-04 00:00:00,,,
NG1_2025_7947,6,2025-03-05 00:00:00,,,
NG1_2025_7948,6,2025-03-06 00:00:00,,,
NG1_2025_7949,6,2025-03-07 00:00:00,,,
NG1_2025_7950,6,2025-03-08 00:00:00,,,
NG1_2025_7951,6,2025-03-09 00:00:00,,,
NG1_2025_7952,6,2025-03-10 00:00:00,,,
NG1_2025_7953,6,2025-03-11 00:00:00,,,
NG1_2025_7954,6,2025-03-11 00:00:00,,,
NG1_2025_7955,6,2025-03-12 00:00:00,,,
NG1_2025_7956,6,2025-03-13 00:00:00,,,
NG1_2025_7957,6,2025-03-14 00:00:00,,,
NG1_2025_7958,6,2025-03-15 00:00:00,,,
NG1_2025_7959,6,2025-03-16 00:00:00,,,
NG1_2025_7960,6,2025-03-17 00:00:00,,,
NG1_2025_7961,6,2025-03-18 00:00:00,,,
NG1_2025_7962,6,2025-03-19 00:00:00,,,
NG1_2025_7963,6,2025-03-20 00:00:00,,,
NG1_2025_7964,6,2025-03-21 00:00:00,,,
NG1_2025_7965,6,2025-03-22 00:00:00,,,
NG1_2025_7966,6,2025-03-23 00:00:00,,,
NG1_2025_7967,6,2025-03-23 00:00:00,,,
NG1_2025_7968,6,2025-03-24 00:00:00,,,
NG1_2025_7969,6,2025-03-25 00:00:00,,,
NG1_2025_7970,6,2025-03-26 00:00:00,,,
NG1_2025_7971,6,2025-03-27 00:00:00,,,
NG1_2025_7972,6,2025-03-28 00:00:00,,,
NG1_2025_7973,6,2025-03-29 00:00:00,,,
NG1_2025_7974,6,2025-03-30 00:00:00,,,
NG1_2025_7975,6,2025-03-31 00:00:00,,,
NG1_2025_7976,6,2025-03-31 00:00:00,,,
NG1_2025_7977,6,2025-04-01 00:00:00,,,
NG1_2025_7978,6,2025-04-02 00:00:00,,,
NG1_2025_7979,6,2025-04-03 00:00:00,,,
NG1_2025_7980,6,2025-04-04 00:00:00,,,
NG1_2025_7981,6,2025-04-05 00:00:00,,,
NG1_2025_7982,6,2025-04-06 00:00:00,,,
NG1_2025_7983,6,2025-04-07 00:00:00,,,
NG1_2025_7984,6,2025-04-08 00:00:00,,,
NG1_2025_7985,6,2025-04-09 00:00:00,,,
NG1_2025_7986,6,2025-04-10 00:00:00,,,
NG1_2025_7987,6,2025-04-11 00:00:00,,,
NG2_2024_5286,3,2024-01-01 00:00:00,,,
NG2_2024_5287,3,2024-01-01 00:00:00,,,
NG2_2024_5288,3,2024-01-02 00:00:00,,,
NG2_2024_5289,3,2024-01-03 00:00:00,,,
NG2_2024_5290,3,2024-01-04 00:00:00,,,
NG2_2024_5291,3,2024-01-05 00:00:00,,,
NG2_2024_5292,3,2024-01-06 00:00:00,,,
NG2_2024_5293,3,2024-01-07 00:00:00,,,
NG2_2024_5294,3,2024-01-08 00:00:00,,,
NG2_2024_5295,3,2024-01-09 00:00:00,,,
NG2_2024_5296,3,2024-01-09 00:00:00,,,
NG2_2024_5297,3,2024-01-10 00:00:00,,,
NG2_2024_5298,3,2024-01-11 00:00:00,,,
NG2_2024_5299,3,2024-01-12 00:00:00,,,
NG2_2024_5300,3,2024-01-13 00:00:00,,,
NG2_2024_5301,3,2024-01-14 00:00:00,,,
NG2_2024_5302,3,2024-01-15 00:00:00,,,
NG2_2024_5303,3,2024-01-16 00:00:00,,,
NG2_2024_5304,3,2024-01-16 00:00:00,,,
NG2_2024_5305,3,2024-01-17 00:00:00,,,
NG2_2024_5306,3,2024-01-18 00:00:00,,,
NG2_2024_5307,3,2024-01-19 00:00:00,,,
NG2_2024_5308,3,2024-01-20 00:00:00,,,
NG2_2024_5309,3,2024-01-21 00:00:00,,,
NG2_2024_5310,3,2024-01-22 00:00:00,,,
NG2_2024_5311,3,2024-01-23 00:00:00,,,
NG2_2024_5312,3,2024-01-24 00:00:00,,,
NG2_2024_5313,3,2024-01-24 00:00:00,,,
NG2_2024_5314,3,2024-01-25 00:00:00,,,
NG2_2024_5315,3,2024-01-26 00:00:00,,,
NG2_2024_5316,3,2024-01-27 00:00:00,,,
NG2_2024_5317,3,2024-01-28 00:00:00,,,
NG2_2024_5318,3,2024-02-03 00:00:00,,,
NG2_2024_5319,3,2024-02-04 00:00:00,,,
NG2_2024_5320,3,2024-02-05 00:00:00,,,
NG2_2024_5321,3,2024-02-05 00:00:00,,,
NG2_2024_5322,3,2024-02-06 00:00:00,,,
NG2_2024_5323,3,2024-02-07 00:00:00,,,
NG2_2024_5324,3,2024-02-08 00:00:00,,,
NG2_2024_5325,3,2024-02-09 00:00:00,,,
NG2_2024_5326,3,2024-02-09 00:00:00,,,
NG2_2024_5327,3,2024-02-10 00:00:00,,,
NG2_2024_5328,3,2024-02-11 00:00:00,,,
NG2_2024_5329,3,2024-02-12 00:00:00,,,
NG2_2024_5330,3,2024-02-13 00:00:00,,,
NG2_2024_5331,3,2024-02-14 00:00:00,,,
NG2_2024_5332,3,2024-02-15 00:00:00,,,
NG2_2024_5333,3,2024-02-15 00:00:00,,,
NG2_2024_5334,3,2024-02-16 00:00:00,,,
NG2_2024_5335,3,2024-02-17 00:00:00,,,
NG2_2024_5336,3,2024-02-18 00:00:00,,,
NG2_2024_5337,3,2024-02-19 00:00:00,,,
NG2_2024_5338,3,2024-02-20 00:00:00,,,
NG2_2024_5339,3,2024-02-20 00:00:00,,,
NG2_2024_5340,3,2024-02-21 00:00:00,,,
NG2_2024_5341,3,2024-02-22 00:00:00,,,
NG2_2024_5342,3,2024-02-23 00:00:00,,,
NG2_2024_5343,3,2024-02-24 00:00:00,,,
NG2_2024_5344,3,2024-02-25 00:00:00,,,
NG2_2024_5345,3,2024-02-26 00:00:00,,,
NG2_2024_5346,3,2024-02-26 00:00:00,,,
NG2_2024_5347,3,2024-02-27 00:00:00,,,
NG2_2024_5348,3,2024-02-28 00:00:00,,,
NG2_2024_5349,3,2024-02-29 00:00:00,,,
NG2_2024_5350,3,2024-03-01 00:00:00,,,
NG2_2024_5351,3,2024-03-02 00:00:00,,,
NG2_2024_5352,3,2024-03-03 00:00:00,,,
NG2_2024_5353,3,2024-03-03 00:00:00,,,
NG2_2024_5354,3,2024-03-04 00:00:00,,,
NG2_2024_5355,3,2024-03-05 00:00:00,,,
NG2_2024_5356,3,2024-03-06 00:00:00,,,
NG2_2024_5357,3,2024-03-07 00:00:00,,,
NG2_2024_5358,3,2024-03-08 00:00:00,,,
NG2_2024_5359,3,2024-03-08 00:00:00,,,
NG2_2024_5360,3,2024-03-09 00:00:00,,,
NG2_2024_5361,3,2024-03-10 00:00:00,,,
NG2_2024_5362,3,2024-03-11 00:00:00,,,
NG2_2024_5363,3,2024-03-12 00:00:00,,,
NG2_2024_5364,3,2024-03-13 00:00:00,,,
NG2_2024_5365,3,2024-03-14 00:00:00,,,
NG2_2024_5366,3,2024-03-14 00:00:00,,,
NG2_2024_5367,3,2024-03-15 00:00:00,,,
NG2_2024_5368,3,2024-03-16 00:00:00,,,
NG2_2024_5369,3,2024-03-17 00:00:00,,,
NG2_2024_5370,3,2024-03-18 00:00:00,,,
NG2_2024_5371,3,2024-03-19 00:00:00,,,
NG2_2024_5372,3,2024-03-19 00:00:00,,,
NG2_2024_5373,3,2024-03-20 00:00:00,,,
NG2_2024_5374,3,2024-03-21 00:00:00,,,
NG2_2024_5375,3,2024-03-22 00:00:00,,,
NG2_2024_5376,3,2024-03-23 00:00:00,,,
NG2_2024_5377,3,2024-03-24 00:00:00,,,
NG2_2024_5378,3,2024-03-25 00:00:00,,,
NG2_2024_5379,3,2024-03-25 00:00:00,,,
NG2_2024_5380,3,2024-03-26 00:00:00,,,
NG2_2024_5381,3,2024-03-27 00:00:00,,,
NG2_2024_5382,3,2024-03-28 00:00:00,,,
NG2_2024_5383,3,2024-03-29 00:00:00,,,
NG2_2024_5384,3,2024-03-30 00:00:00,,,
NG2_2024_5385,3,2024-03-31 00:00:00,,,
NG2_2024_5386,3,2024-03-31 00:00:00,,,
NG2_2024_5387,3,2024-04-01 00:00:00,,,
NG2_2024_5388,3,2024-04-02 00:00:00,,,
NG2_2024_5389,3,2024-04-03 00:00:00,,,
NG2_2024_5390,3,2024-04-04 00:00:00,,,
NG2_2024_5391,3,2024-04-05 00:00:00,,,
NG2_2024_5392,3,2024-04-06 00:00:00,,,
NG2_2024_5393,3,2024-04-07 00:00:00,,,
NG2_2024_5394,3,2024-04-07 00:00:00,,,
NG2_2024_5395,3,2024-04-08 00:00:00,,,
NG2_2024_5396,3,2024-04-09 00:00:00,,,
NG2_2024_5397,3,2024-04-10 00:00:00,,,
NG2_2024_5398,3,2024-04-11 00:00:00,,,
NG2_2024_5399,3,2024-04-12 00:00:00,,,
NG2_2024_5400,3,2024-04-13 00:00:00,,,
NG2_2024_5401,3,2024-04-14 00:00:00,,,
NG2_2024_5402,3,2024-04-15 00:00:00,,,
NG2_2024_5403,3,2024-04-15 00:00:00,,,
NG2_2024_5404,3,2024-04-16 00:00:00,,,
NG2_2024_5405,3,2024-04-17 00:00:00,,,
NG2_2024_5406,3,2024-04-18 00:00:00,,,
NG2_2024_5407,3,2024-04-19 00:00:00,,,
NG2_2024_5408,3,2024-04-20 00:00:00,,,
NG2_2024_5409,3,2024-04-21 00:00:00,,,
NG2_2024_5410,3,2024-04-21 00:00:00,,,
NG2_2024_5411,3,2024-04-22 00:00:00,,,
NG2_2024_5412,3,2024-04-23 00:00:00,,,
NG2_2024_5413,3,2024-04-24 00:00:00,,,
NG2_2024_5414,3,2024-04-25 00:00:00,,,
NG2_2024_5415,3,2024-04-26 00:00:00,,,
NG2_2024_5416,3,2024-04-27 00:00:00,,,
NG2_2024_5417,3,2024-04-28 00:00:00,,,
NG2_2024_5418,3,2024-04-29 00:00:00,,,
NG2_2024_5419,3,2024-04-29 00:00:00,,,
NG2_2024_5420,3,2024-04-30 00:00:00,,,
NG2_2024_5421,3,2024-05-01 00:00:00,,,
NG2_2024_5422,3,2024-05-02 00:00:00,,,
NG2_2024_5423,3,2024-05-03 00:00:00,,,
NG2_2024_5424,3,2024-05-04 00:00:00,,,
NG2_2024_5425,3,2024-05-05 00:00:00,,,
NG2_2024_5426,3,2024-05-05 00:00:00,,,
NG2_2024_5427,3,2024-05-06 00:00:00,,,
NG2_2024_5428,3,2024-05-07 00:00:00,,,
NG2_2024_5429,3,2024-05-08 00:00:00,,,
NG2_2024_5430,3,2024-05-09 00:00:00,,,
NG2_2024_5431,3,2024-05-10 00:00:00,,,
NG2_2024_5432,3,2024-05-11 00:00:00,,,
NG2_2024_5433,3,2024-05-11 00:00:00,,,
NG2_2024_5434,3,2024-05-12 00:00:00,,,
NG2_2024_5435,3,2024-05-13 00:00:00,,,
NG2_2024_5436,3,2024-05-14 00:00:00,,,
NG2_2024_5437,3,2024-05-15 00:00:00,,,
NG2_2024_5438,3,2024-05-16 00:00:00,,,
NG2_2024_5439,3,2024-05-17 00:00:00,,,
NG2_2024_5440,3,2024-05-18 00:00:00,,,
NG2_2024_5441,3,2024-05-19 00:00:00,,,
NG2_2024_5442,3,2024-05-20 00:00:00,,,
NG2_2024_5443,3,2024-05-20 00:00:00,,,
NG2_2024_5444,3,2024-05-21 00:00:00,,,
NG2_2024_5445,3,2024-05-22 00:00:00,,,
NG2_2024_5446,3,2024-05-23 00:00:00,,,
NG2_2024_5447,3,2024-05-24 00:00:00,,,
NG2_2024_5448,3,2024-05-25 00:00:00,,,
NG2_2024_5449,3,2024-05-26 00:00:00,,,
NG2_2024_5450,3,2024-05-26 00:00:00,,,
NG2_2024_5451,3,2024-05-27 00:00:00,,,
NG2_2024_5452,3,2024-05-28 00:00:00,,,
NG2_2024_5453,3,2024-05-29 00:00:00,,,
NG2_2024_5454,3,2024-05-30 00:00:00,,,
NG2_2024_5455,3,2024-05-31 00:00:00,,,
NG2_2024_5456,3,2024-06-01 00:00:00,,,
NG2_2024_5457,3,2024-06-02 00:00:00,,,
NG2_2024_5458,3,2024-06-02 00:00:00,,,
NG2_2024_5459,3,2024-06-03 00:00:00,,,
NG2_2024_5460,3,2024-06-04 00:00:00,,,
NG2_2024_5461,3,2024-06-05 00:00:00,,,
NG2_2024_5462,3,2024-06-06 00:00:00,,,
NG2_2024_5463,3,2024-06-07 00:00:00,,,
NG2_2024_5464,3,2024-06-08 00:00:00,,,
NG2_2024_5465,3,2024-06-08 00:00:00,,,
NG2_2024_5466,3,2024-06-09 00:00:00,,,
NG2_2024_5467,3,2024-06-10 00:00:00,,,
NG2_2024_5468,3,2024-06-11 00:00:00,,,
NG2_2024_5469,3,2024-06-12 00:00:00,,,
NG2_2024_5470,3,2024-06-13 00:00:00,,,
NG2_2024_5471,3,2024-06-13 00:00:00,,,
NG2_2024_5472,3,2024-06-14 00:00:00,,,
NG2_2024_5473,3,2024-06-15 00:00:00,,,
NG2_2024_5474,3,2024-06-16 00:00:00,,,
NG2_2024_5475,3,2024-06-17 00:00:00,,,
NG2_2024_5476,3,2024-06-18 00:00:00,,,
NG2_2024_5477,3,2024-06-19 00:00:00,,,
NG2_2024_5478,3,2024-06-20 00:00:00,,,
NG2_2024_5479,3,2024-06-21 00:00:00,,,
NG2_2024_5480,3,2024-06-22 00:00:00,,,
NG2_2024_5481,3,2024-06-22 00:00:00,,,
NG2_2024_5482,3,2024-06-23 00:00:00,,,
NG2_2024_5483,3,2024-06-24 00:00:00,,,
NG2_2024_5484,3,2024-06-25 00:00:00,,,
NG2_2024_5485,3,2024-06-26 00:00:00,,,
NG2_2024_5486,3,2024-06-27 00:00:00,,,
NG2_2024_5487,3,2024-06-28 00:00:00,,,
NG2_2024_5488,3,2024-06-28 00:00:00,,,
NG2_2024_5489,3,2024-06-29 00:00:00,,,
NG2_2024_5490,3,2024-06-30 00:00:00,,,
NG2_2024_5491,3,2024-07-01 00:00:00,,,
NG2_2024_5492,3,2024-07-02 00:00:00,,,
NG2_2024_5493,3,2024-07-03 00:00:00,,,
NG2_2024_5494,3,2024-07-03 00:00:00,,,
NG2_2024_5495,3,2024-07-04 00:00:00,,,
NG2_2024_5496,3,2024-07-05 00:00:00,,,
NG2_2024_5497,3,2024-07-06 00:00:00,,,
NG2_2024_5498,3,2024-07-07 00:00:00,,,
NG2_2024_5499,3,2024-07-08 00:00:00,,,
NG2_2024_5500,3,2024-07-09 00:00:00,,,
NG2_2024_5501,3,2024-07-10 00:00:00,,,
NG2_2024_5502,3,2024-07-11 00:00:00,,,
NG2_2024_5503,3,2024-07-11 00:00:00,,,
NG2_2024_5504,3,2024-07-12 00:00:00,,,
NG2_2024_5505,3,2024-07-13 00:00:00,,,
NG2_2024_5506,3,2024-07-14 00:00:00,,,
NG2_2024_5507,3,2024-07-15 00:00:00,,,
NG2_2024_5508,3,2024-07-16 00:00:00,,,
NG2_2024_5509,3,2024-07-17 00:00:00,,,
NG2_2024_5510,3,2024-07-18 00:00:00,,,
NG2_2024_5511,3,2024-07-19 00:00:00,,,
NG2_2024_5512,3,2024-07-20 00:00:00,,,
NG2_2024_5513,3,2024-07-20 00:00:00,,,
NG2_2024_5514,3,2024-07-21 00:00:00,,,
NG2_2024_5515,3,2024-07-22 00:00:00,,,
NG2_2024_5516,3,2024-07-23 00:00:00,,,
NG2_2024_5517,3,2024-07-24 00:00:00,,,
NG2_2024_5518,3,2024-07-25 00:00:00,,,
NG2_2024_5519,3,2024-07-26 00:00:00,,,
NG2_2024_5520,3,2024-07-27 00:00:00,,,
NG2_2024_5521,3,2024-07-28 00:00:00,,,
NG2_2024_5522,3,2024-07-28 00:00:00,,,
NG2_2024_5523,3,2024-07-29 00:00:00,,,
NG2_2024_5524,3,2024-07-30 00:00:00,,,
NG2_2024_5525,3,2024-07-31 00:00:00,,,
NG2_2024_5526,3,2024-08-01 00:00:00,,,
NG2_2024_5527,3,2024-08-02 00:00:00,,,
NG2_2024_5528,3,2024-08-03 00:00:00,,,
NG2_2024_5529,3,2024-08-03 00:00:00,,,
NG2_2024_5530,3,2024-08-04 00:00:00,,,
NG2_2024_5531,3,2024-08-05 00:00:00,,,
NG2_2024_5532,3,2024-08-06 00:00:00,,,
NG2_2024_5533,3,2024-08-07 00:00:00,,,
NG2_2024_5534,3,2024-08-08 00:00:00,,,
NG2_2024_5535,3,2024-08-09 00:00:00,,,
NG2_2024_5536,3,2024-08-09 00:00:00,,,
NG2_2024_5537,3,2024-08-10 00:00:00,,,
NG2_2024_5538,3,2024-08-11 00:00:00,,,
NG2_2024_5539,3,2024-08-12 00:00:00,,,
NG2_2024_5540,3,2024-08-13 00:00:00,,,
NG2_2024_5541,3,2024-08-14 00:00:00,,,
NG2_2024_5542,3,2024-08-15 00:00:00,,,
NG2_2024_5543,3,2024-08-16 00:00:00,,,
NG2_2024_5544,3,2024-08-17 00:00:00,,,
NG2_2024_5545,3,2024-08-17 00:00:00,,,
NG2_2024_5546,3,2024-08-18 00:00:00,,,
NG2_2024_5547,3,2024-08-19 00:00:00,,,
NG2_2024_5548,3,2024-08-20 00:00:00,,,
NG2_2024_5549,3,2024-08-21 00:00:00,,,
NG2_2024_5550,3,2024-08-22 00:00:00,,,
NG2_2024_5551,3,2024-08-23 00:00:00,,,
NG2_2024_5552,3,2024-08-24 00:00:00,,,
NG2_2024_5553,3,2024-08-25 00:00:00,,,
NG2_2024_5554,3,2024-08-25 00:00:00,,,
NG2_2024_5555,3,2024-08-26 00:00:00,,,
NG2_2024_5556,3,2024-08-27 00:00:00,,,
NG2_2024_5557,3,2024-08-28 00:00:00,,,
NG2_2024_5558,3,2024-08-29 00:00:00,,,
NG2_2024_5559,3,2024-08-30 00:00:00,,,
NG2_2024_5560,3,2024-08-31 00:00:00,,,
NG2_2024_5561,3,2024-08-31 00:00:00,,,
NG2_2024_5562,3,2024-09-01 00:00:00,,,
NG2_2024_5563,3,2024-09-02 00:00:00,,,
NG2_2024_5564,3,2024-09-03 00:00:00,,,
NG2_2024_5565,3,2024-09-04 00:00:00,,,
NG2_2024_5566,3,2024-09-05 00:00:00,,,
NG2_2024_5567,3,2024-09-06 00:00:00,,,
NG2_2024_5568,3,2024-09-07 00:00:00,,,
NG2_2024_5569,3,2024-09-08 00:00:00,,,
NG2_2024_5570,3,2024-09-09 00:00:00,,,
NG2_2024_5571,3,2024-09-10 00:00:00,,,
NG2_2024_5572,3,2024-09-10 00:00:00,,,
NG2_2024_5573,3,2024-09-11 00:00:00,,,
NG2_2024_5574,3,2024-09-12 00:00:00,,,
NG2_2024_5575,3,2024-09-13 00:00:00,,,
NG2_2024_5576,3,2024-09-14 00:00:00,,,
NG2_2024_5577,3,2024-09-15 00:00:00,,,
NG2_2024_5578,3,2024-09-16 00:00:00,,,
NG2_2024_5579,3,2024-09-16 00:00:00,,,
NG2_2024_5580,3,2024-09-17 00:00:00,,,
NG2_2024_5581,3,2024-09-18 00:00:00,,,
NG2_2024_5582,3,2024-09-19 00:00:00,,,
NG2_2024_5583,3,2024-09-20 00:00:00,,,
NG2_2024_5584,3,2024-09-21 00:00:00,,,
NG2_2024_5585,3,2024-09-21 00:00:00,,,
NG2_2024_5586,3,2024-09-22 00:00:00,,,
NG2_2024_5587,3,2024-09-23 00:00:00,,,
NG2_2024_5588,3,2024-09-24 00:00:00,,,
NG2_2024_5589,3,2024-09-25 00:00:00,,,
NG2_2024_5590,3,2024-09-26 00:00:00,,,
NG2_2024_5591,3,2024-09-27 00:00:00,,,
NG2_2024_5592,3,2024-09-27 00:00:00,,,
NG2_2024_5593,3,2024-09-28 00:00:00,,,
NG2_2024_5594,3,2024-09-29 00:00:00,,,
NG2_2024_5595,3,2024-09-30 00:00:00,,,
NG2_2024_5596,3,2024-10-01 00:00:00,,,
NG2_2024_5597,3,2024-10-02 00:00:00,,,
NG2_2024_5598,3,2024-10-02 00:00:00,,,
NG2_2024_5599,3,2024-10-03 00:00:00,,,
NG2_2024_5600,3,2024-10-04 00:00:00,,,
NG2_2024_5601,3,2024-10-05 00:00:00,,,
NG2_2024_5602,3,2024-10-06 00:00:00,,,
NG2_2024_5603,3,2024-10-07 00:00:00,,,
NG2_2024_5604,3,2024-10-07 00:00:00,,,
NG2_2024_5605,3,2024-10-08 00:00:00,,,
NG2_2024_5606,3,2024-10-09 00:00:00,,,
NG2_2024_5607,3,2024-10-10 00:00:00,,,
NG2_2024_5608,3,2024-10-11 00:00:00,,,
NG2_2024_5609,3,2024-10-12 00:00:00,,,
NG2_2024_5610,3,2024-10-13 00:00:00,,,
NG2_2024_5611,3,2024-10-13 00:00:00,,,
NG2_2024_5612,3,2024-10-14 00:00:00,,,
NG2_2024_5613,3,2024-10-15 00:00:00,,,
NG2_2024_5614,3,2024-10-16 00:00:00,,,
NG2_2024_5615,3,2024-10-17 00:00:00,,,
NG2_2024_5616,3,2024-10-18 00:00:00,,,
NG2_2024_5617,3,2024-10-18 00:00:00,,,
NG2_2024_5618,3,2024-10-19 00:00:00,,,
NG2_2024_5619,3,2024-10-20 00:00:00,,,
NG2_2024_5620,3,2024-10-21 00:00:00,,,
NG2_2024_5621,3,2024-10-22 00:00:00,,,
NG2_2024_5622,3,2024-10-23 00:00:00,,,
NG2_2024_5623,3,2024-10-23 00:00:00,,,
NG2_2024_5624,3,2024-10-24 00:00:00,,,
NG2_2024_5625,3,2024-10-25 00:00:00,,,
NG2_2024_5626,3,2024-10-26 00:00:00,,,
NG2_2024_5627,3,2024-10-27 00:00:00,,,
NG2_2024_5628,3,2024-10-28 00:00:00,,,
NG2_2024_5629,3,2024-10-29 00:00:00,,,
NG2_2024_5630,3,2024-10-29 00:00:00,,,
NG2_2024_5631,3,2024-10-30 00:00:00,,,
NG2_2024_5632,3,2024-10-31 00:00:00,,,
NG2_2024_5633,3,2024-11-01 00:00:00,,,
NG2_2024_5634,3,2024-11-02 00:00:00,,,
NG2_2024_5635,3,2024-11-03 00:00:00,,,
NG2_2024_5636,3,2024-11-04 00:00:00,,,
NG2_2024_5637,3,2024-11-05 00:00:00,,,
NG2_2024_5638,3,2024-11-05 00:00:00,,,
NG2_2024_5639,3,2024-11-06 00:00:00,,,
NG2_2024_5640,3,2024-11-07 00:00:00,,,
NG2_2024_5641,3,2024-11-08 00:00:00,,,
NG2_2024_5642,3,2024-11-09 00:00:00,,,
NG2_2024_5643,3,2024-11-10 00:00:00,,,
NG2_2024_5644,3,2024-11-11 00:00:00,,,
NG2_2024_5645,3,2024-11-11 00:00:00,,,
NG2_2024_5646,3,2024-11-12 00:00:00,,,
NG2_2024_5647,3,2024-11-13 00:00:00,,,
NG2_2024_5648,3,2024-11-14 00:00:00,,,
NG2_2024_5649,3,2024-11-15 00:00:00,,,
NG2_2024_5650,3,2024-11-16 00:00:00,,,
NG2_2024_5651,3,2024-11-16 00:00:00,,,
NG2_2024_5652,3,2024-11-17 00:00:00,,,
NG2_2024_5653,3,2024-11-18 00:00:00,,,
NG2_2024_5654,3,2024-11-19 00:00:00,,,
NG2_2024_5655,3,2024-11-20 00:00:00,,,
NG2_2024_5656,3,2024-11-21 00:00:00,,,
NG2_2024_5657,3,2024-11-21 00:00:00,,,
NG2_2024_5658,3,2024-11-22 00:00:00,,,
NG2_2024_5659,3,2024-11-23 00:00:00,,,
NG2_2024_5660,3,2024-11-24 00:00:00,,,
NG2_2024_5661,3,2024-11-25 00:00:00,,,
NG2_2024_5662,3,2024-11-26 00:00:00,,,
NG2_2024_5663,3,2024-11-27 00:00:00,,,
NG2_2024_5664,3,2024-11-28 00:00:00,,,
NG2_2024_5665,3,2024-11-28 00:00:00,,,
NG2_2024_5666,3,2024-11-29 00:00:00,,,
NG2_2024_5667,3,2024-11-30 00:00:00,,,
NG2_2024_5668,3,2024-12-01 00:00:00,,,
NG2_2024_5669,3,2024-12-02 00:00:00,,,
NG2_2024_5670,3,2024-12-02 00:00:00,,,
NG2_2024_5671,3,2024-12-03 00:00:00,,,
NG2_2024_5672,3,2024-12-04 00:00:00,,,
NG2_2024_5673,3,2024-12-05 00:00:00,,,
NG2_2024_5674,3,2024-12-06 00:00:00,,,
NG2_2024_5675,3,2024-12-07 00:00:00,,,
NG2_2024_5676,3,2024-12-08 00:00:00,,,
NG2_2024_5677,3,2024-12-09 00:00:00,,,
NG2_2024_5678,3,2024-12-09 00:00:00,,,
NG2_2024_5679,3,2024-12-10 00:00:00,,,
NG2_2024_5680,3,2024-12-11 00:00:00,,,
NG2_2024_5681,3,2024-12-12 00:00:00,,,
NG2_2024_5682,3,2024-12-13 00:00:00,,,
NG2_2024_5683,3,2024-12-13 00:00:00,,,
NG2_2024_5684,3,2024-12-14 00:00:00,,,
NG2_2024_5685,3,2024-12-15 00:00:00,,,
NG2_2024_5686,3,2024-12-16 00:00:00,,,
NG2_2024_5687,3,2024-12-17 00:00:00,,,
NG2_2024_5688,3,2024-12-18 00:00:00,,,
NG2_2024_5689,3,2024-12-19 00:00:00,,,
NG2_2024_5690,3,2024-12-20 00:00:00,,,
NG2_2024_5691,3,2024-12-21 00:00:00,,,
NG2_2024_5692,3,2024-12-21 00:00:00,,,
NG2_2024_5693,3,2024-12-22 00:00:00,,,
NG2_2024_5694,3,2024-12-23 00:00:00,,,
NG2_2024_5695,3,2024-12-24 00:00:00,,,
NG2_2024_5696,3,2024-12-25 00:00:00,,,
NG2_2024_5697,3,2024-12-26 00:00:00,,,
NG2_2024_5698,3,2024-12-27 00:00:00,,,
NG2_2024_5699,3,2024-12-27 00:00:00,,,
NG2_2024_5700,3,2024-12-28 00:00:00,,,
NG2_2024_5701,3,2024-12-29 00:00:00,,,
NG2_2024_5702,3,2024-12-30 00:00:00,,,
NG2_2024_5703,3,2024-12-31 00:00:00,,,
NG2_2024_5704,3,2025-01-01 00:00:00,,,
NG2_2024_5705,3,2025-01-01 00:00:00,,,
NG2_2024_5706,3,2025-01-02 00:00:00,,,
NG2_2024_5707,3,2025-01-03 00:00:00,,,
NG2_2024_5708,3,2025-01-04 00:00:00,,,
NG2_2024_5709,3,2025-01-05 00:00:00,,,
NG2_2024_5710,3,2025-01-06 00:00:00,,,
NG2_2024_5711,3,2025-01-06 00:00:00,,,
NG2_2025_5712,3,2025-01-07 00:00:00,,,
NG2_2025_5713,3,2025-01-08 00:00:00,,,
NG2_2025_5714,3,2025-01-09 00:00:00,,,
NG2_2025_5715,3,2025-01-10 00:00:00,,,
NG2_2025_5716,3,2025-01-11 00:00:00,,,
NG2_2025_5717,3,2025-01-12 00:00:00,,,
NG2_2025_5718,3,2025-01-13 00:00:00,,,
NG2_2025_5719,3,2025-01-14 00:00:00,,,
NG2_2025_5720,3,2025-01-14 00:00:00,,,
NG2_2025_5721,3,2025-01-15 00:00:00,,,
NG2_2025_5722,3,2025-01-16 00:00:00,,,
NG2_2025_5723,3,2025-01-17 00:00:00,,,
NG2_2025_5724,3,2025-01-18 00:00:00,,,
NG2_2025_5725,3,2025-01-19 00:00:00,,,
NG2_2025_5726,3,2025-01-19 00:00:00,,,
NG2_2025_5727,3,2025-01-20 00:00:00,,,
NG2_2025_5728,3,2025-01-21 00:00:00,,,
NG2_2025_5729,3,2025-01-22 00:00:00,,,
NG2_2025_5730,3,2025-01-23 00:00:00,,,
NG2_2025_5731,3,2025-01-24 00:00:00,,,
NG2_2025_5732,3,2025-01-25 00:00:00,,,
NG2_2025_5733,3,2025-01-26 00:00:00,,,
NG2_2025_5734,3,2025-01-27 00:00:00,,,
NG2_2025_5735,3,2025-01-28 00:00:00,,,
NG2_2025_5736,3,2025-01-29 00:00:00,,,
NG2_2025_5737,3,2025-01-30 00:00:00,,,
NG2_2025_5738,3,2025-01-30 00:00:00,,,
NG2_2025_5739,3,2025-01-31 00:00:00,,,
NG2_2025_5740,3,2025-02-01 00:00:00,,,
NG2_2025_5741,3,2025-02-02 00:00:00,,,
NG2_2025_5742,3,2025-02-03 00:00:00,,,
NG2_2025_5743,3,2025-02-04 00:00:00,,,
NG2_2025_5744,3,2025-02-05 00:00:00,,,
NG2_2025_5745,3,2025-02-05 00:00:00,,,
NG2_2025_5746,3,2025-02-06 00:00:00,,,
NG2_2025_5747,3,2025-02-07 00:00:00,,,
NG2_2025_5748,3,2025-02-08 00:00:00,,,
NG2_2025_5749,3,2025-02-09 00:00:00,,,
NG2_2025_5750,3,2025-02-10 00:00:00,,,
NG2_2025_5751,3,2025-02-10 00:00:00,,,
NG2_2025_5752,3,2025-02-11 00:00:00,,,
NG2_2025_5753,3,2025-02-12 00:00:00,,,
NG2_2025_5754,3,2025-02-13 00:00:00,,,
NG2_2025_5755,3,2025-02-14 00:00:00,,,
NG2_2025_5756,3,2025-02-15 00:00:00,,,
NG2_2025_5757,3,2025-02-16 00:00:00,,,
NG2_2025_5758,3,2025-02-16 00:00:00,,,
NG2_2025_5759,3,2025-02-17 00:00:00,,,
NG2_2025_5760,3,2025-02-18 00:00:00,,,
NG2_2025_5761,3,2025-02-19 00:00:00,,,
NG2_2025_5762,3,2025-02-20 00:00:00,,,
NG2_2025_5763,3,2025-02-21 00:00:00,,,
NG2_2025_5764,3,2025-02-21 00:00:00,,,
NG2_2025_5765,3,2025-02-22 00:00:00,,,
NG2_2025_5766,3,2025-02-23 00:00:00,,,
NG2_2025_5767,3,2025-02-24 00:00:00,,,
NG2_2025_5768,3,2025-02-25 00:00:00,,,
NG2_2025_5769,3,2025-02-26 00:00:00,,,
NG2_2025_5770,3,2025-02-26 00:00:00,,,
NG2_2025_5771,3,2025-02-27 00:00:00,,,
NG2_2025_5772,3,2025-02-28 00:00:00,,,
NG2_2025_5773,3,2025-03-01 00:00:00,,,
NG2_2025_5774,3,2025-03-02 00:00:00,,,
NG2_2025_5775,3,2025-03-02 00:00:00,,,
NG2_2025_5776,3,2025-03-03 00:00:00,,,
NG2_2025_5777,3,2025-03-04 00:00:00,,,
NG2_2025_5778,3,2025-03-05 00:00:00,,,
NG2_2025_5779,3,2025-03-06 00:00:00,,,
NG2_2025_5780,3,2025-03-07 00:00:00,,,
NG2_2025_5781,3,2025-03-07 00:00:00,,,
NG2_2025_5782,3,2025-03-08 00:00:00,,,
NG2_2025_5783,3,2025-03-09 00:00:00,,,
NG2_2025_5784,3,2025-03-10 00:00:00,,,
NG2_2025_5785,3,2025-03-11 00:00:00,,,
NG2_2025_5786,3,2025-03-12 00:00:00,,,
NG2_2025_5787,3,2025-03-13 00:00:00,,,
NG2_2025_5788,3,2025-03-13 00:00:00,,,
NG2_2025_5789,3,2025-03-14 00:00:00,,,
NG2_2025_5790,3,2025-03-15 00:00:00,,,
NG2_2025_5791,3,2025-03-16 00:00:00,,,
NG2_2025_5792,3,2025-03-17 00:00:00,,,
NG2_2025_5793,3,2025-03-18 00:00:00,,,
NG2_2025_5794,3,2025-03-19 00:00:00,,,
NG2_2025_5795,3,2025-03-19 00:00:00,,,
NG2_2025_5796,3,2025-03-20 00:00:00,,,
NG2_2025_5797,3,2025-03-21 00:00:00,,,
NG2_2025_5798,3,2025-03-22 00:00:00,,,
NG2_2025_5799,3,2025-03-23 00:00:00,,,
NG2_2025_5800,3,2025-03-24 00:00:00,,,
NG2_2025_5801,3,2025-03-24 00:00:00,,,
NG2_2025_5802,3,2025-03-25 00:00:00,,,
NG2_2025_5803,3,2025-03-26 00:00:00,,,
NG2_2025_5804,3,2025-03-27 00:00:00,,,
NG2_2025_5805,3,2025-03-28 00:00:00,,,
NG2_2025_5806,3,2025-03-29 00:00:00,,,
NG2_2025_5807,3,2025-03-29 00:00:00,,,
NG2_2025_5808,3,2025-03-30 00:00:00,,,
NG2_2025_5809,3,2025-03-31 00:00:00,,,
NG2_2025_5810,3,2025-04-01 00:00:00,,,
NG2_2025_5811,3,2025-04-02 00:00:00,,,
NG2_2025_5812,3,2025-04-03 00:00:00,,,
NG2_2025_5813,3,2025-04-04 00:00:00,,,
NG2_2025_5814,3,2025-04-05 00:00:00,,,
NG2_2025_5815,3,2025-04-06 00:00:00,,,
NG2_2025_5816,3,2025-04-07 00:00:00,,,
NG2_2025_5817,3,2025-04-08 00:00:00,,,
NG2_2025_5818,3,2025-04-09 00:00:00,,,
NG2_2025_5819,3,2025-04-10 00:00:00,,,
NG2_2025_5820,3,2025-04-11 00:00:00,,,
C23N144,2,2024-01-01 00:00:00,,,
C23N145,2,2024-01-02 00:00:00,,,
C23N146,2,2024-01-03 00:00:00,,,
C23N147,2,2024-01-04 00:00:00,,,
C23N148,2,2024-01-05 00:00:00,,,
C23N149,2,2024-01-06 00:00:00,,,
C23N150,2,2024-01-07 00:00:00,,,
C23N151,2,2024-01-08 00:00:00,,,
C23N152,2,2024-01-09 00:00:00,,,
C23N153,2,2024-01-10 00:00:00,,,
C23N154,2,2024-01-11 00:00:00,,,
C23N155,2,2024-01-12 00:00:00,,,
C23N156,2,2024-01-13 00:00:00,,,
C23N157,2,2024-01-14 00:00:00,,,
C23N158,2,2024-01-15 00:00:00,,,
C23N159,2,2024-01-16 00:00:00,,,
C23N160,2,2024-01-17 00:00:00,,,
C23N161,2,2024-01-18 00:00:00,,,
C23N162,2,2024-01-19 00:00:00,,,
C23N163,2,2024-01-20 00:00:00,,,
C23N164,2,2024-01-21 00:00:00,,,
C23N165,2,2024-01-22 00:00:00,,,
C23N166,2,2024-01-23 00:00:00,,,
C23N167,2,2024-01-24 00:00:00,,,
C23N168,2,2024-01-25 00:00:00,,,
C23N169,2,2024-01-26 00:00:00,,,
C23N170,2,2024-01-27 00:00:00,,,
C23N171,2,2024-01-28 00:00:00,,,
C23N172,2,2024-01-29 00:00:00,,,
C23N173,2,2024-01-30 00:00:00,,,
C23N174,2,2024-01-31 00:00:00,,,
C23N175,2,2024-02-01 00:00:00,,,
C23N176,2,2024-02-02 00:00:00,,,
C23N177,2,2024-02-03 00:00:00,,,
C23N178,2,2024-02-04 00:00:00,,,
C23N179,2,2024-02-05 00:00:00,,,
C23N180,2,2024-02-06 00:00:00,,,
C23N181,2,2024-02-07 00:00:00,,,
C23N182,2,2024-02-08 00:00:00,,,
C23N183,2,2024-02-09 00:00:00,,,
C23N184,2,2024-02-10 00:00:00,,,
C23N185,2,2024-02-11 00:00:00,,,
C23N186,2,2024-02-12 00:00:00,,,
C23N187,2,2024-02-13 00:00:00,,,
C23N188,2,2024-02-14 00:00:00,,,
C23N189,2,2024-02-15 00:00:00,,,
C23N190,2,2024-02-16 00:00:00,,,
C23N191,2,2024-02-17 00:00:00,,,
C23N192,2,2024-02-18 00:00:00,,,
C23N193,2,2024-02-19 00:00:00,,,
C23N194,2,2024-02-20 00:00:00,,,
C23N195,2,2024-02-21 00:00:00,,,
C23N196,2,2024-02-22 00:00:00,,,
C23N197,2,2024-02-23 00:00:00,,,
C23N198,2,2024-02-24 00:00:00,,,
C23N199,2,2024-02-25 00:00:00,,,
C23N200,2,2024-02-26 00:00:00,,,
C23N201,2,2024-02-27 00:00:00,,,
C23N202,2,2024-02-28 00:00:00,,,
C23N203,2,2024-02-29 00:00:00,,,
C23N204,2,2024-03-01 00:00:00,,,
C23N205,2,2024-03-02 00:00:00,,,
C23N206,2,2024-03-03 00:00:00,,,
C23N207,2,2024-03-04 00:00:00,,,
C23N208,2,2024-03-05 00:00:00,,,
C23N209,2,2024-03-06 00:00:00,,,
C23N210,2,2024-03-07 00:00:00,,,
C23N211,2,2024-03-08 00:00:00,,,
C23N212,2,2024-03-09 00:00:00,,,
C23N213,2,2024-03-10 00:00:00,,,
C23N214,2,2024-03-11 00:00:00,,,
C23N215,2,2024-03-12 00:00:00,,,
C23N216,2,2024-03-13 00:00:00,,,
C23N217,2,2024-03-14 00:00:00,,,
C23N218,2,2024-03-15 00:00:00,,,
C23N219,2,2024-03-16 00:00:00,,,
C23N220,2,2024-03-17 00:00:00,,,
C23N221,2,2024-03-18 00:00:00,,,
C23N222,2,2024-03-19 00:00:00,,,
C23N223,2,2024-03-20 00:00:00,,,
C23N224,2,2024-03-21 00:00:00,,,
C23N225,2,2024-03-22 00:00:00,,,
C23N226,2,2024-03-23 00:00:00,,,
C23N227,2,2024-03-24 00:00:00,,,
C23N228,2,2024-03-25 00:00:00,,,
C23N229,2,2024-03-26 00:00:00,,,
C23N230,2,2024-03-27 00:00:00,,,
C23N231,2,2024-03-27 00:00:00,,,
C23N232,2,2024-03-28 00:00:00,,,
C23N233,2,2024-03-29 00:00:00,,,
C23N234,2,2024-03-30 00:00:00,,,
C23N235,2,2024-03-31 00:00:00,,,
C23N236,2,2024-04-01 00:00:00,,,
C23N237,2,2024-04-02 00:00:00,,,
C23N238,2,2024-04-03 00:00:00,,,
C23N239,2,2024-04-04 00:00:00,,,
C23N240,2,2024-04-05 00:00:00,,,
C23N241,2,2024-04-06 00:00:00,,,
C23N242,2,2024-04-07 00:00:00,,,
C23N243,2,2024-04-08 00:00:00,,,
C23N244,2,2024-04-09 00:00:00,,,
C23N245,2,2024-04-10 00:00:00,,,
C23N246,2,2024-04-11 00:00:00,,,
C23N247,2,2024-04-12 00:00:00,,,
C23N248,2,2024-04-13 00:00:00,,,
C23N249,2,2024-04-14 00:00:00,,,
C23N250,2,2024-04-15 00:00:00,,,
C23N251,2,2024-04-16 00:00:00,,,
C23N252,2,2024-04-17 00:00:00,,,
C23N253,2,2024-04-18 00:00:00,,,
C23N254,2,2024-04-19 00:00:00,,,
C23N255,2,2024-04-20 00:00:00,,,
C23N256,2,2024-04-21 00:00:00,,,
C23N257,2,2024-04-22 00:00:00,,,
C23N258,2,2024-04-23 00:00:00,,,
C23N259,2,2024-04-24 00:00:00,,,
C23N260,2,2024-04-25 00:00:00,,,
C23N261,2,2024-04-26 00:00:00,,,
C23N262,2,2024-04-27 00:00:00,,,
C23N263,2,2024-04-28 00:00:00,,,
C23N264,2,2024-04-29 00:00:00,,,
C23N265,2,2024-04-30 00:00:00,,,
C23N266,2,2024-04-30 00:00:00,,,
C23N267,2,2024-04-30 00:00:00,,,
C23N268,2,2024-04-30 00:00:00,,,
C23N269,2,2024-05-01 00:00:00,,,
C23N270,2,2024-05-02 00:00:00,,,
C23N271,2,2024-05-03 00:00:00,,,
C23N272,2,2024-05-04 00:00:00,,,
C23N273,2,2024-05-04 00:00:00,,,
C23N274,2,2024-05-05 00:00:00,,,
C23N275,2,2024-05-06 00:00:00,,,
C23N276,2,2024-05-07 00:00:00,,,
C23N277,2,2024-05-08 00:00:00,,,
C23N278,2,2024-05-09 00:00:00,,,
C23N279,2,2024-05-10 00:00:00,,,
C23N280,2,2024-05-11 00:00:00,,,
C23N281,2,2024-05-11 00:00:00,,,
C23N282,2,2024-05-12 00:00:00,,,
C23N283,2,2024-05-13 00:00:00,,,
C23N284,2,2024-05-14 00:00:00,,,
C23N285,2,2024-05-15 00:00:00,,,
C23N286,2,2024-05-16 00:00:00,,,
C23N287,2,2024-05-17 00:00:00,,,
C23N288,2,2024-05-18 00:00:00,,,
C23N289,2,2024-05-18 00:00:00,,,
C23N290,2,2024-05-19 00:00:00,,,
C23N291,2,2024-05-20 00:00:00,,,
C23N292,2,2024-05-21 00:00:00,,,
C23N293,2,2024-05-22 00:00:00,,,
C23N294,2,2024-05-23 00:00:00,,,
C23N295,2,2024-05-24 00:00:00,,,
C23N296,2,2024-05-25 00:00:00,,,
C23N297,2,2024-05-26 00:00:00,,,
C23N298,2,2024-05-27 00:00:00,,,
C23N299,2,2024-05-28 00:00:00,,,
C23N300,2,2024-05-29 00:00:00,,,
C23N301,2,2024-05-30 00:00:00,,,
C23N302,2,2024-05-31 00:00:00,,,
C23N303,2,2024-06-01 00:00:00,,,
C23N304,2,2024-06-02 00:00:00,,,
C23N305,2,2024-06-02 00:00:00,,,
C23N306,2,2024-06-04 00:00:00,,,
C23N307,2,2024-06-04 00:00:00,,,
C23N308,2,2024-06-05 00:00:00,,,
C23N309,2,2024-06-06 00:00:00,,,
C23N310,2,2024-06-07 00:00:00,,,
C23N311,2,2024-06-08 00:00:00,,,
C23N312,2,2024-06-09 00:00:00,,,
C23N313,2,2024-06-10 00:00:00,,,
C23N314,2,2024-06-11 00:00:00,,,
C23N315,2,2024-06-11 00:00:00,,,
C23N316,2,2024-06-12 00:00:00,,,
C23N317,2,2024-06-13 00:00:00,,,
C23N318,2,2024-06-14 00:00:00,,,
C23N319,2,2024-06-15 00:00:00,,,
C23N320,2,2024-06-16 00:00:00,,,
C23N321,2,2024-06-17 00:00:00,,,
C23N322,2,2024-06-18 00:00:00,,,
C23N323,2,2024-06-19 00:00:00,,,
C23N324,2,2024-06-20 00:00:00,,,
C23N325,2,2024-06-21 00:00:00,,,
C23N326,2,2024-06-22 00:00:00,,,
C23N327,2,2024-06-23 00:00:00,,,
C23N328,2,2024-06-24 00:00:00,,,
C23N329,2,2024-06-25 00:00:00,,,
C23N330,2,2024-06-26 00:00:00,,,
C23N331,2,2024-06-27 00:00:00,,,
C23N332,2,2024-06-28 00:00:00,,,
C23N333,2,2024-06-28 00:00:00,,,
C23N334,2,2024-06-29 00:00:00,,,
C23N335,2,2024-07-01 00:00:00,,,
C23N336,2,2024-07-01 00:00:00,,,
C23N337,2,2024-07-02 00:00:00,,,
C23N338,2,2024-07-03 00:00:00,,,
C23N339,2,2024-07-04 00:00:00,,,
C23N340,2,2024-07-05 00:00:00,,,
C23N341,2,2024-07-06 00:00:00,,,
C23N342,2,2024-07-07 00:00:00,,,
C23N343,2,2024-07-08 00:00:00,,,
C23N344,2,2024-07-09 00:00:00,,,
C23N345,2,2024-07-10 00:00:00,,,
C23N346,2,2024-07-11 00:00:00,,,
C23N347,2,2024-07-12 00:00:00,,,
C23N348,2,2024-07-13 00:00:00,,,
C23N349,2,2024-07-14 00:00:00,,,
C23N350,2,2024-07-15 00:00:00,,,
C23N351,2,2024-07-16 00:00:00,,,
C23N352,2,2024-07-17 00:00:00,,,
C23N353,2,2024-07-18 00:00:00,,,
C23N354,2,2024-07-19 00:00:00,,,
C23N355,2,2024-07-20 00:00:00,,,
C23N356,2,2024-07-21 00:00:00,,,
C23N357,2,2024-07-22 00:00:00,,,
C23N358,2,2024-07-23 00:00:00,,,
C23N359,2,2024-07-24 00:00:00,,,
C23N360,2,2024-07-25 00:00:00,,,
C23N361,2,2024-07-26 00:00:00,,,
C23N362,2,2024-07-27 00:00:00,,,
C23N363,2,2024-07-28 00:00:00,,,
C23N364,2,2024-07-29 00:00:00,,,
C23N365,2,2024-07-30 00:00:00,,,
C23N366,2,2024-07-30 00:00:00,,,
C23N367,2,2024-07-31 00:00:00,,,
C23N368,2,2024-08-01 00:00:00,,,
C23N369,2,2024-08-02 00:00:00,,,
C23N370,2,2024-08-03 00:00:00,,,
C23N371,2,2024-08-04 00:00:00,,,
C23N372,2,2024-08-05 00:00:00,,,
C23N373,2,2024-08-06 00:00:00,,,
C23N374,2,2024-08-07 00:00:00,,,
C23N375,2,2024-08-09 00:00:00,,,
C23N376,2,2024-08-10 00:00:00,,,
C23N377,2,2024-08-11 00:00:00,,,
C23N378,2,2024-08-12 00:00:00,,,
C23N379,2,2024-08-13 00:00:00,,,
C23N380,2,2024-08-14 00:00:00,,,
C23N381,2,2024-08-15 00:00:00,,,
C23N382,2,2024-08-16 00:00:00,,,
C23N383,2,2024-08-17 00:00:00,,,
C23N384,2,2024-08-18 00:00:00,,,
C23N385,2,2024-08-19 00:00:00,,,
C23N386,2,2024-08-19 00:00:00,,,
C23N387,2,2024-08-20 00:00:00,,,
C23N388,2,2024-08-21 00:00:00,,,
C23N389,2,2024-08-22 00:00:00,,,
C23N390,2,2024-08-23 00:00:00,,,
C23N391,2,2024-08-24 00:00:00,,,
C23N392,2,2024-08-25 00:00:00,,,
C23N393,2,2024-08-26 00:00:00,,,
C23N394,2,2024-08-27 00:00:00,,,
C23N395,2,2024-08-28 00:00:00,,,
C23N396,2,2024-08-29 00:00:00,,,
C23N397,2,2024-08-30 00:00:00,,,
C23N398,2,2024-08-31 00:00:00,,,
C23N399,2,2024-09-01 00:00:00,,,
C23N400,2,2024-09-02 00:00:00,,,
C23N401,2,2024-09-03 00:00:00,,,
C24N402,2,2024-09-04 00:00:00,,,
C23N403,2,2024-09-05 00:00:00,,,
C23N404,2,2024-09-06 00:00:00,,,
C23N405,2,2024-09-07 00:00:00,,,
C23N406,2,2024-09-08 00:00:00,,,
C23N407,2,2024-09-08 00:00:00,,,
C23N408,2,2024-09-09 00:00:00,,,
C23N409,2,2024-09-10 00:00:00,,,
C23N410,2,2024-09-11 00:00:00,,,
C23N411,2,2024-09-12 00:00:00,,,
C23N412,2,2024-09-13 00:00:00,,,
C23N413,2,2024-09-14 00:00:00,,,
C23N414,2,2024-09-15 00:00:00,,,
C23N415,2,2024-09-16 00:00:00,,,
C23N416,2,2024-09-17 00:00:00,,,
C23N417,2,2024-09-18 00:00:00,,,
C23N418,2,2024-09-19 00:00:00,,,
C23N419,2,2024-09-20 00:00:00,,,
C23N420,2,2024-09-21 00:00:00,,,
C23N421,2,2024-09-21 00:00:00,,,
C23N422,2,2024-09-22 00:00:00,,,
C23N423,2,2024-09-23 00:00:00,,,
C24N424,2,2024-09-24 00:00:00,,,
C23N425,2,2024-09-25 00:00:00,,,
C23N426,2,2024-09-26 00:00:00,,,
C23N427,2,2024-09-27 00:00:00,,,
C23N428,2,2024-09-27 00:00:00,,,
C23N429,2,2024-09-28 00:00:00,,,
C23N430,2,2024-09-29 00:00:00,,,
C23N431,2,2024-09-30 00:00:00,,,
C23N432,2,2024-10-01 00:00:00,,,
C23N433,2,2024-10-02 00:00:00,,,
C23N434,2,2024-10-03 00:00:00,,,
C23N435,2,2024-10-03 00:00:00,,,
C23N436,2,2024-10-04 00:00:00,,,
C23N437,2,2024-10-05 00:00:00,,,
C23N438,2,2024-10-06 00:00:00,,,
C23N439,2,2024-10-07 00:00:00,,,
C23N440,2,2024-10-08 00:00:00,,,
C23N441,2,2024-10-09 00:00:00,,,
C23N442,2,2024-10-10 00:00:00,,,
C23N443,2,2024-10-11 00:00:00,,,
C23N444,2,2024-10-12 00:00:00,,,
C23N445,2,2024-10-13 00:00:00,,,
C23N446,2,2024-10-14 00:00:00,,,
C23N447,2,2024-10-15 00:00:00,,,
C23N448,2,2024-10-16 00:00:00,,,
C23N449,2,2024-10-17 00:00:00,,,
C23N450,2,2024-10-18 00:00:00,,,
C23N451,2,2024-10-18 00:00:00,,,
C23N452,2,2024-10-19 00:00:00,,,
C24N453,2,2024-10-20 00:00:00,,,
C24N454,2,2024-10-21 00:00:00,,,
C24N455,2,2024-10-22 00:00:00,,,
C24N456,2,2024-10-23 00:00:00,,,
C24N457,2,2024-10-24 00:00:00,,,
C24N458,2,2024-10-25 00:00:00,,,
C24N459,2,2024-10-26 00:00:00,,,
C24N460,2,2024-10-27 00:00:00,,,
C24N461,2,2024-10-28 00:00:00,,,
C24N462,2,2024-10-29 00:00:00,,,
C24N463,2,2024-10-30 00:00:00,,,
C24N464,2,2024-10-31 00:00:00,,,
C24N465,2,2024-11-01 00:00:00,,,
C24N466,2,2024-11-02 00:00:00,,,
C24N467,2,2024-11-03 00:00:00,,,
C24N468,2,2024-11-04 00:00:00,,,
C24N469,2,2024-11-05 00:00:00,,,
C24N470,2,2024-11-06 00:00:00,,,
C24N471,2,2024-11-07 00:00:00,,,
C24N472,2,2024-11-08 00:00:00,,,
C24N473,2,2024-11-09 00:00:00,,,
C24N474,2,2024-11-10 00:00:00,,,
C24N475,2,2024-11-11 00:00:00,,,
C24N476,2,2024-11-12 00:00:00,,,
C24N477,2,2024-11-13 00:00:00,,,
C24N478,2,2024-11-14 00:00:00,,,
C24N479,2,2024-11-15 00:00:00,,,
C24N480,2,2024-11-16 00:00:00,,,
C24N481,2,2024-11-17 00:00:00,,,
C24N482,2,2024-11-18 00:00:00,,,
C24N483,2,2024-11-19 00:00:00,,,
C24N484,2,2024-11-20 00:00:00,,,
C24N485,2,2024-11-21 00:00:00,,,
C24N486,2,2024-11-21 00:00:00,,,
C24N487,2,2024-11-22 00:00:00,,,
C24N488,2,2024-11-23 00:00:00,,,
C24N489,2,2024-11-24 00:00:00,,,
C24N490,2,2024-11-25 00:00:00,,,
C24N491,2,2024-11-26 00:00:00,,,
C24N492,2,2024-11-27 00:00:00,,,
C24N493,2,2024-11-28 00:00:00,,,
C24N494,2,2024-11-29 00:00:00,,,
C24N495,2,2024-11-30 00:00:00,,,
C24N496,2,2024-12-01 00:00:00,,,
C24N497,2,2024-12-02 00:00:00,,,
C24N498,2,2024-12-03 00:00:00,,,
C24N499,2,2024-12-04 00:00:00,,,
C24N500,2,2024-12-05 00:00:00,,,
C24N501,2,2024-12-06 00:00:00,,,
C23N502,2,2024-12-06 00:00:00,,,
C23N503,2,2024-12-07 00:00:00,,,
C23N504,2,2024-12-08 00:00:00,,,
C23N505,2,2024-12-09 00:00:00,,,
C23N506,2,2024-12-10 00:00:00,,,
C24N506,2,2024-12-10 00:00:00,,,
C24N507,2,2024-12-11 00:00:00,,,
C24N508,2,2024-12-12 00:00:00,,,
C24N509,2,2024-12-13 00:00:00,,,
C24N510,2,2024-12-14 00:00:00,,,
C24N511,2,2024-12-15 00:00:00,,,
C24N512,2,2024-12-16 00:00:00,,,
C24N513,2,2024-12-17 00:00:00,,,
C24N514,2,2024-12-17 00:00:00,,,
C24N515,2,2024-12-18 00:00:00,,,
C24N516,2,2024-12-19 00:00:00,,,
C24N517,2,2024-12-20 00:00:00,,,
C24N518,2,2024-12-21 00:00:00,,,
C24N519,2,2024-12-22 00:00:00,,,
C24N520,2,2024-12-23 00:00:00,,,
C24N521,2,2024-12-24 00:00:00,,,
C24N522,2,2024-12-25 00:00:00,,,
C24N523,2,2024-12-26 00:00:00,,,
C24N524,2,2024-12-27 00:00:00,,,
C24N525,2,2024-12-27 00:00:00,,,
C24N526,2,2024-12-28 00:00:00,,,
C24N527,2,2024-12-29 00:00:00,,,
C24N528,2,2024-12-30 00:00:00,,,
C24N529,2,2024-12-31 00:00:00,,,
C24N530,2,2025-01-01 00:00:00,,,
C24N531,2,2025-01-02 00:00:00,,,
C24N532,2,2025-01-03 00:00:00,,,
C24N533,2,2025-01-04 00:00:00,,,
C24N534,2,2025-01-04 00:00:00,,,
C24N535,2,2025-01-05 00:00:00,,,
C24N536,2,2025-01-06 00:00:00,,,
C24N537,2,2025-01-07 00:00:00,,,
C24N538,2,2025-01-08 00:00:00,,,
C24N539,2,2025-01-09 00:00:00,,,
C24N540,2,2025-01-10 00:00:00,,,
C24N541,2,2025-01-11 00:00:00,,,
C24N542,2,2025-01-12 00:00:00,,,
C24N543,2,2025-01-12 00:00:00,,,
C24N544,2,2025-01-13 00:00:00,,,
C24N545,2,2025-01-14 00:00:00,,,
C24N546,2,2025-01-15 00:00:00,,,
C24N547,2,2025-01-16 00:00:00,,,
C24N548,2,2025-01-17 00:00:00,,,
C24N549,2,2025-01-18 00:00:00,,,
C24N550,2,2025-01-19 00:00:00,,,
C24N551,2,2025-01-20 00:00:00,,,
C24N552,2,2025-01-20 00:00:00,,,
C24N553,2,2025-01-21 00:00:00,,,
C24N554,2,2025-01-22 00:00:00,,,
C24N555,2,2025-01-23 00:00:00,,,
C24N556,2,2025-01-24 00:00:00,,,
C24N557,2,2025-01-25 00:00:00,,,
C24N558,2,2025-01-26 00:00:00,,,
C24N559,2,2025-01-27 00:00:00,,,
C24N560,2,2025-01-28 00:00:00,,,
C24N561,2,2025-01-29 00:00:00,,,
C24N562,2,2025-01-30 00:00:00,,,
C24N563,2,2025-01-31 00:00:00,,,
C24N564,2,2025-01-31 00:00:00,,,
C24N565,2,2025-02-01 00:00:00,,,
C24N566,2,2025-02-02 00:00:00,,,
C24N567,2,2025-02-03 00:00:00,,,
C24N568,2,2025-02-04 00:00:00,,,
C24N569,2,2025-02-05 00:00:00,,,
C24N570,2,2025-02-06 00:00:00,,,
C24N571,2,2025-02-07 00:00:00,,,
C24N572,2,2025-02-08 00:00:00,,,
C24N573,2,2025-02-09 00:00:00,,,
C24N574,2,2025-02-10 00:00:00,,,
C24N575,2,2025-02-11 00:00:00,,,
C24N576,2,2025-02-12 00:00:00,,,
C24N577,2,2025-02-13 00:00:00,,,
C24N578,2,2025-02-14 00:00:00,,,
C24N579,2,2025-02-15 00:00:00,,,
C24N580,2,2025-02-15 00:00:00,,,
C24N581,2,2025-02-16 00:00:00,,,
C24N582,2,2025-02-17 00:00:00,,,
C24N583,2,2025-02-18 00:00:00,,,
C24N584,2,2025-02-19 00:00:00,,,
C24N585,2,2025-02-20 00:00:00,,,
C24N586,2,2025-02-21 00:00:00,,,
C24N587,2,2025-02-22 00:00:00,,,
C24N588,2,2025-02-23 00:00:00,,,
C24N589,2,2025-02-24 00:00:00,,,
C24N590,2,2025-02-25 00:00:00,,,
C24N591,2,2025-02-26 00:00:00,,,
C24N592,2,2025-02-27 00:00:00,,,
C24N593,2,2025-02-27 00:00:00,,,
C24N594,2,2025-02-28 00:00:00,,,
C24N595,2,2025-03-01 00:00:00,,,
C24N596,2,2025-03-02 00:00:00,,,
C24N597,2,2025-03-03 00:00:00,,,
C24N598,2,2025-03-04 00:00:00,,,
C24N599,2,2025-03-05 00:00:00,,,
C24N600,2,2025-03-06 00:00:00,,,
C24N601,2,2025-03-07 00:00:00,,,
C24N602,2,2025-03-08 00:00:00,,,
C24N603,2,2025-03-09 00:00:00,,,
C24N604,2,2025-03-10 00:00:00,,,
C24N605,2,2025-03-11 00:00:00,,,
C24N606,2,2025-03-12 00:00:00,,,
C24N607,2,2025-03-12 00:00:00,,,
C24N608,2,2025-03-13 00:00:00,,,
C24N609,2,2025-03-14 00:00:00,,,
C24N610,2,2025-03-15 00:00:00,,,
C24N611,2,2025-03-16 00:00:00,,,
C24N612,2,2025-03-17 00:00:00,,,
C24N613,2,2025-03-18 00:00:00,,,
C24N614,2,2025-03-19 00:00:00,,,
C24N615,2,2025-03-20 00:00:00,,,
C24N616,2,2025-03-21 00:00:00,,,
C24N617,2,2025-03-22 00:00:00,,,
C24N618,2,2025-03-23 00:00:00,,,
C24N619,2,2025-03-24 00:00:00,,,
C24N620,2,2025-03-25 00:00:00,,,
C24N621,2,2025-03-26 00:00:00,,,
C24N622,2,2025-03-27 00:00:00,,,
C24N623,2,2025-03-28 00:00:00,,,
C24N624,2,2025-03-29 00:00:00,,,
C24N625,2,2025-03-30 00:00:00,,,
C24N626,2,2025-03-31 00:00:00,,,
C24N627,2,2025-04-01 00:00:00,,,
C24N628,2,2025-04-02 00:00:00,,,
C24N629,2,2025-04-03 00:00:00,,,
C24N630,2,2025-04-04 00:00:00,,,
C24N631,2,2025-04-05 00:00:00,,,
C24N632,2,2025-04-05 00:00:00,,,
C24N633,2,2025-04-06 00:00:00,,,
PR1_2023_3001,4,2024-01-01 00:00:00,,,
PR1_2023_3002,4,2024-01-02 00:00:00,,,
PR1_2023_3003,4,2024-01-03 00:00:00,,,
PR1_2023_3004,4,2024-01-04 00:00:00,,,
PR1_2023_3005,4,2024-01-05 00:00:00,,,
PR1_2023_3006,4,2024-01-06 00:00:00,,,
PR1_2023_3007,4,2024-01-07 00:00:00,,,
PR1_2023_3008,4,2024-01-08 00:00:00,,,
PR1_2023_3009,4,2024-01-09 00:00:00,,,
PR1_2024_3010,4,2024-01-10 00:00:00,,,
PR1_2024_3011,4,2024-01-11 00:00:00,,,
PR1_2024_3012,4,2024-01-12 00:00:00,,,
PR1_2024_3013,4,2024-01-13 00:00:00,,,
PR1_2024_3014,4,2024-01-14 00:00:00,,,
PR1_2024_3015,4,2024-01-15 00:00:00,,,
PR1_2024_3016,4,2024-01-16 00:00:00,,,
PR1_2024_3017,4,2024-01-17 00:00:00,,,
PR1_2024_3018,4,2024-01-18 00:00:00,,,
PR1_2024_3019,4,2024-01-19 00:00:00,,,
PR1_2024_3020,4,2024-01-20 00:00:00,,,
PR1_2024_3021,4,2024-01-21 00:00:00,,,
PR1_2024_3022,4,2024-01-22 04:30:00,,,
PR1_2024_3023,4,2024-01-23 04:30:00,,,
PR1_2024_3024,4,2024-01-24 04:30:00,,,
PR1_2024_3025,4,2024-01-25 04:30:00,,,
PR1_2024_3026,4,2024-01-26 04:30:00,,,
PR1_2024_3027,4,2024-01-27 04:30:00,,,
PR1_2024_3028,4,2024-01-28 04:30:00,,,
PR1_2024_3029,4,2024-01-29 04:30:00,,,
PR1_2024_3030,4,2024-01-30 04:30:00,,,
PR1_2024_3031,4,2024-01-31 04:30:00,,,
PR1_2024_3032,4,2024-02-01 04:30:00,,,
PR1_2024_3033,4,2024-02-02 04:30:00,,,
PR1_2024_3034,4,2024-02-03 04:30:00,,,
PR1_2024_3035,4,2024-02-04 04:30:00,,,
PR1_2024_3036,4,2024-02-05 04:30:00,,,
PR1_2024_3037,4,2024-02-06 04:30:00,,,
PR1_2024_3038,4,2024-02-09 04:30:00,,,
PR1_2024_3039,4,2024-02-10 04:30:00,,,
PR1_2024_3040,4,2024-02-12 04:30:00,,,
PR1_2024_3041,4,2024-02-13 04:30:00,,,
PR1_2024_3042,4,2024-02-14 04:30:00,,,
PR1_2024_3043,4,2024-02-15 04:30:00,,,
PR1_2024_3044,4,2024-02-16 04:30:00,,,
PR1_2024_3045,4,2024-02-17 04:30:00,,,
PR1_2024_3046,4,2024-02-18 04:30:00,,,
PR1_2024_3047,4,2024-02-19 04:30:00,,,
PR1_2024_3048,4,2024-02-24 04:30:00,,,
PR1_2024_3049,4,2024-02-25 04:30:00,,,
PR1_2024_3050,4,2024-02-26 04:30:00,,,
PR1_2024_3051,4,2024-02-27 04:30:00,,,
PR1_2024_3052,4,2024-02-28 02:30:00,,,
PR1_2024_3053,4,2024-02-29 00:30:00,,,
PR1_2024_3054,4,2024-02-29 22:30:00,,,
PR1_2024_3055,4,2024-03-01 20:30:00,,,
PR1_2024_3056,4,2024-03-02 18:30:00,,,
PR1_2024_3057,4,2024-03-03 16:30:00,,,
PR1_2024_3058,4,2024-03-04 14:30:00,,,
PR1_2024_3059,4,2024-03-05 12:30:00,,,
PR1_2024_3060,4,2024-03-06 10:30:00,,,
PR1_2024_3061,4,2024-03-07 08:30:00,,,
PR1_2024_3062,4,2024-03-08 06:30:00,,,
PR1_2024_3063,4,2024-03-09 04:30:00,,,
PR1_2024_3064,4,2024-03-10 02:30:00,,,
PR1_2024_3065,4,2024-03-11 00:30:00,,,
PR1_2024_3066,4,2024-03-11 22:30:00,,,
PR1_2024_3067,4,2024-03-12 20:30:00,,,
PR1_2024_3068,4,2024-03-13 22:45:00,,,
PR1_2024_3069,4,2024-03-14 20:45:00,,,
PR1_2024_3070,4,2024-03-15 18:45:00,,,
PR1_2024_3071,4,2024-03-16 16:45:00,,,
PR1_2024_3072,4,2024-03-17 14:45:00,,,
PR1_2024_3073,4,2024-03-18 12:45:00,,,
PR1_2024_3074,4,2024-03-19 12:10:00,,,
PR1_2024_3075,4,2024-03-20 10:39:00,,,
PR1_2024_3076,4,2024-03-21 08:57:00,,,
PR1_2024_3077,4,2024-03-22 06:57:00,,,
PR1_2024_3078,4,2024-03-23 04:57:00,,,
PR1_2024_3080,4,2024-03-24 02:57:00,,,
PR1_2024_3079,4,2024-03-25 00:57:00,,,
PR1_2024_3081,4,2024-03-25 22:57:00,,,
PR1_2024_3082,4,2024-03-26 20:57:00,,,
PR1_2024_3083,4,2024-03-27 18:57:00,,,
PR1_2024_3084,4,2024-03-28 16:00:00,,,
PR1_2024_3085,4,2024-03-29 14:00:00,,,
PR1_2024_3086,4,2024-03-30 12:00:00,,,
PR1_2024_3087,4,2024-03-31 10:00:00,,,
PR1_2024_3088,4,2024-04-01 08:00:00,,,
PR1_2024_3089,4,2024-04-02 06:00:00,,,
PR1_2024_3090,4,2024-04-03 09:30:00,,,
PR1_2024_3091,4,2024-04-04 07:30:00,,,
PR1_2024_3092,4,2024-04-05 05:30:00,,,
PR1_2024_3093,4,2024-04-06 03:30:00,,,
PR1_2024_3094,4,2024-04-07 01:30:00,,,
PR1_2024_3095,4,2024-04-07 23:30:00,,,
PR1_2024_3096,4,2024-04-08 21:30:00,,,
PR1_2024_3097,4,2024-04-09 21:40:00,,,
PR1_2024_3098,4,2024-04-10 19:40:00,,,
PR1_2024_3099,4,2024-04-11 17:40:00,,,
PR1_2024_3100,4,2024-04-12 15:40:00,,,
PR1_2024_3101,4,2024-04-13 13:40:00,,,
PR1_2024_3102,4,2024-04-14 11:40:00,,,
PR1_2024_3103,4,2024-04-15 09:40:00,,,
PR1_2024_3104,4,2024-04-16 07:40:00,,,
PR1_2024_3105,4,2024-04-17 08:04:00,,,
PR1_2024_3106,4,2024-04-18 06:04:00,,,
PR1_2024_3107,4,2024-04-19 04:04:00,,,
PR1_2024_3108,4,2024-04-20 02:04:00,,,
PR1_2024_3109,4,2024-04-21 00:04:00,,,
PR1_2024_3110,4,2024-04-21 22:04:00,,,
PR1_2024_3111,4,2024-04-22 20:04:00,,,
PR1_2024_3112,4,2024-04-23 18:04:00,,,
PR1_2024_3113,4,2024-04-24 18:27:00,,,
PR1_2024_3114,4,2024-04-25 16:24:00,,,
PR1_2024_3115,4,2024-04-26 14:30:00,,,
PR1_2024_3116,4,2024-04-27 12:49:00,,,
PR1_2024_3117,4,2024-04-28 11:02:00,,,
PR1_2024_3118,4,2024-04-29 09:26:00,,,
PR1_2024_3119,4,2024-04-30 07:57:00,,,
PR1_2024_3120,4,2024-05-01 07:07:00,,,
PR1_2024_3121,4,2024-05-02 07:20:00,,,
PR1_2024_3122,4,2024-05-03 05:20:00,,,
PR1_2024_3123,4,2024-05-04 03:20:00,,,
PR1_2024_3124,4,2024-05-05 01:20:00,,,
PR1_2024_3125,4,2024-05-05 23:20:00,,,
PR1_2024_3126,4,2024-05-06 23:50:00,,,
PR1_2024_3127,4,2024-05-07 23:30:00,,,
PR1_2024_3128,4,2024-05-08 21:30:00,,,
PR1_2024_3129,4,2024-05-09 19:30:00,,,
PR1_2024_3130,4,2024-05-10 17:30:00,,,
PR1_2024_3131,4,2024-05-11 15:30:00,,,
PR1_2024_3132,4,2024-05-12 13:30:00,,,
PR1_2024_3133,4,2024-05-13 12:20:00,,,
PR1_2024_3134,4,2024-05-14 10:20:00,,,
PR1_2024_3135,4,2024-05-15 11:16:00,,,
PR1_2024_3136,4,2024-05-16 09:16:00,,,
PR1_2024_3137,4,2024-05-17 09:45:00,,,
PR1_2024_3138,4,2024-05-18 07:45:00,,,
PR1_2024_3139,4,2024-05-19 05:45:00,,,
PR1_2024_3140,4,2024-05-20 03:45:00,,,
PR1_2024_3141,4,2024-05-21 03:12:00,,,
PR1_2024_3142,4,2024-05-22 01:12:00,,,
PR1_2024_3143,4,2024-05-22 23:12:00,,,
PR1_2024_3144,4,2024-05-23 21:56:00,,,
PR1_2024_3145,4,2024-05-24 19:56:00,,,
PR1_2024_3146,4,2024-05-25 17:56:00,,,
PR1_2024_3147,4,2024-05-26 15:56:00,,,
PR1_2024_3148,4,2024-05-27 13:56:00,,,
PR1_2024_3149,4,2024-05-28 11:56:00,,,
PR1_2024_3150,4,2024-05-29 11:25:00,,,
PR1_2024_3151,4,2024-05-30 13:05:00,,,
PR1_2024_3152,4,2024-05-31 11:05:00,,,
PR1_2024_3153,4,2024-06-01 09:56:00,,,
PR1_2024_3154,4,2024-06-02 07:56:00,,,
PR1_2024_3155,4,2024-06-03 06:22:00,,,
PR1_2024_3156,4,2024-06-04 04:51:00,,,
PR1_2024_3157,4,2024-06-05 02:51:00,,,
PR1_2024_3158,4,2024-06-06 00:51:00,,,
PR1_2024_3159,4,2024-06-06 23:52:00,,,
PR1_2024_3160,4,2024-06-07 21:52:00,,,
PR1_2024_3161,4,2024-06-08 19:52:00,,,
PR1_2024_3162,4,2024-06-09 17:52:00,,,
PR1_2024_3163,4,2024-06-10 15:52:00,,,
PR1_2024_3164,4,2024-06-11 13:52:00,,,
PR1_2024_3165,4,2024-06-12 12:15:00,,,
PR1_2024_3166,4,2024-06-13 10:15:00,,,
PR1_2024_3167,4,2024-06-14 08:15:00,,,
PR1_2024_3168,4,2024-06-15 06:15:00,,,
PR1_2024_3169,4,2024-06-16 05:32:00,,,
PR1_2024_3170,4,2024-06-17 03:32:00,,,
PR1_2024_3171,4,2024-06-18 02:39:00,,,
PR1_2024_3172,4,2024-06-19 00:39:00,,,
PR1_2024_3173,4,2024-06-19 22:39:00,,,
PR1_2024_3174,4,2024-06-20 23:46:00,,,
PR1_2024_3175,4,2024-06-21 21:46:00,,,
PR1_2024_3176,4,2024-06-22 19:46:00,,,
PR1_2024_3177,4,2024-06-23 17:46:00,,,
PR1_2024_3178,4,2024-06-24 15:46:00,,,
PR1_2024_3179,4,2024-06-30 05:11:00,,,
PR1_2024_3180,4,2024-07-01 02:41:00,,,
PR1_2024_3181,4,2024-07-02 00:53:00,,,
PR1_2024_3182,4,2024-07-02 22:26:00,,,
PR1_2024_3183,4,2024-07-03 19:23:00,,,
PR1_2024_3184,4,2024-07-04 17:23:00,,,
PR1_2024_3185,4,2024-07-05 15:23:00,,,
PR1_2024_3186,4,2024-07-06 13:23:00,,,
PR1_2024_3187,4,2024-07-07 11:23:00,,,
PR1_2024_3188,4,2024-07-08 00:00:00,,,
PR1_2024_3189,4,2024-07-09 07:23:00,,,
PR1_2024_3190,4,2024-07-10 05:23:00,,,
PR1_2024_3191,4,2024-07-11 03:23:00,,,
PR1_2024_3192,4,2024-07-12 01:23:00,,,
PR1_2024_3193,4,2024-07-12 23:23:00,,,
PR1_2024_3194,4,2024-07-13 21:23:00,,,
PR1_2024_3195,4,2024-07-14 19:23:00,,,
PR1_2024_3196,4,2024-07-15 17:23:00,,,
PR1_2024_3197,4,2024-07-16 15:23:00,,,
PR1_2024_3198,4,2024-07-17 15:10:00,,,
PR1_2024_3199,4,2024-07-18 15:05:00,,,
PR1_2024_3200,4,2024-07-19 13:05:00,,,
PR1_2024_3201,4,2024-07-20 11:05:00,,,
PR1_2024_3202,4,2024-07-21 09:05:00,,,
PR1_2024_3203,4,2024-07-22 07:05:00,,,
PR1_2024_3204,4,2024-07-23 05:05:00,,,
PR1_2024_3205,4,2024-07-24 03:05:00,,,
PR1_2024_3206,4,2024-07-25 03:00:00,,,
PR1_2024_3207,4,2024-07-26 01:00:00,,,
PR1_2024_3208,4,2024-07-26 23:00:00,,,
PR1_2024_3209,4,2024-07-27 21:00:00,,,
PR1_2024_3210,4,2024-07-28 19:00:00,,,
PR1_2024_3211,4,2024-07-29 17:00:00,,,
PR1_2024_3212,4,2024-07-30 15:00:00,,,
PR1_2024_3213,4,2024-07-31 13:00:00,,,
PR1_2024_3214,4,2024-08-01 11:00:00,,,
PR1_2024_3215,4,2024-08-02 09:00:00,,,
PR1_2024_3216,4,2024-08-03 07:00:00,,,
PR1_2024_3217,4,2024-08-04 05:00:00,,,
PR1_2024_3218,4,2024-08-05 03:00:00,,,
PR1_2024_3219,4,2024-08-06 01:00:00,,,
PR1_2024_3220,4,2024-08-06 23:00:00,,,
PR1_2024_3221,4,2024-08-08 04:35:00,,,
PR1_2024_3222,4,2024-08-09 02:35:00,,,
PR1_2024_3223,4,2024-08-10 00:35:00,,,
PR1_2024_3224,4,2024-08-10 22:35:00,,,
PR1_2024_3225,4,2024-08-11 20:35:00,,,
PR1_2024_3226,4,2024-08-12 18:35:00,,,
PR1_2024_3227,4,2024-08-13 16:35:00,,,
PR1_2024_3228,4,2024-08-14 14:35:00,,,
PR1_2024_3229,4,2024-08-15 12:35:00,,,
PR1_2024_3230,4,2024-08-16 10:35:00,,,
PR1_2024_3231,4,2024-08-17 08:35:00,,,
PR1_2024_3232,4,2024-08-18 06:35:00,,,
PR1_2024_3233,4,2024-08-19 04:35:00,,,
PR1_2024_3234,4,2024-08-20 02:35:00,,,
PR1_2024_3235,4,2024-08-21 04:35:00,,,
PR1_2024_3236,4,2024-08-22 02:35:00,,,
PR1_2024_3237,4,2024-08-23 00:35:00,,,
PR1_2024_3238,4,2024-08-23 22:35:00,,,
PR1_2024_3239,4,2024-08-24 20:35:00,,,
PR1_2024_3240,4,2024-08-25 18:35:00,,,
PR1_2024_3241,4,2024-08-26 16:35:00,,,
PR1_2024_3242,4,2024-08-27 14:35:00,,,
PR1_2024_3243,4,2024-08-28 17:30:00,,,
PR1_2024_3244,4,2024-08-29 15:30:00,,,
PR1_2024_3245,4,2024-08-30 13:30:00,,,
PR1_2024_3246,4,2024-08-31 11:30:00,,,
PR1_2024_3247,4,2024-09-01 09:30:00,,,
PR1_2024_3248,4,2024-09-02 07:30:00,,,
PR1_2024_3249,4,2024-09-03 07:30:00,,,
PR1_2024_3250,4,2024-09-04 05:30:00,,,
PR1_2024_3251,4,2024-09-05 08:34:00,,,
PR1_2024_3252,4,2024-09-06 06:34:00,,,
PR1_2024_3253,4,2024-09-07 04:34:00,,,
PR1_2024_3254,4,2024-09-08 02:34:00,,,
PR1_2024_3255,4,2024-09-09 00:34:00,,,
PR1_2024_3256,4,2024-09-09 22:34:00,,,
PR1_2024_3257,4,2024-09-10 20:34:00,,,
PR1_2024_3258,4,2024-09-11 23:36:00,,,
PR1_2024_3259,4,2024-09-12 21:36:00,,,
PR1_2024_3260,4,2024-09-13 19:36:00,,,
PR1_2024_3261,4,2024-09-14 17:36:00,,,
PR1_2024_3262,4,2024-09-15 15:36:00,,,
PR1_2024_3263,4,2024-09-16 16:40:00,,,
PR1_2024_3264,4,2024-09-17 14:40:00,,,
PR1_2024_3265,4,2024-09-18 12:40:00,,,
PR1_2024_3266,4,2024-09-19 10:40:00,,,
PR1_2024_3267,4,2024-09-20 11:35:00,,,
PR1_2024_3268,4,2024-09-21 09:35:00,,,
PR1_2024_3269,4,2024-09-22 07:35:00,,,
PR1_2024_3270,4,2024-09-23 05:35:00,,,
PR1_2024_3271,4,2024-09-24 03:35:00,,,
PR1_2024_3272,4,2024-09-25 01:35:00,,,
PR1_2024_3273,4,2024-09-25 23:35:00,,,
PR1_2024_3274,4,2024-09-27 07:12:00,,,
PR1_2024_3275,4,2024-09-28 05:12:00,,,
PR1_2024_3276,4,2024-09-29 03:12:00,,,
PR1_2024_3277,4,2024-09-30 06:00:00,,,
PR1_2024_3278,4,2024-10-01 06:55:00,,,
PR1_2024_3279,4,2024-10-02 00:00:00,,,
PR1_2024_3280,4,2024-10-03 00:00:00,,,
PR1_2024_3281,4,2024-10-04 00:00:00,,,
PR1_2024_3282,4,2024-10-05 00:00:00,,,
PR1_2024_3283,4,2024-10-05 00:00:00,,,
PR1_2024_3284,4,2024-10-07 00:00:00,,,
PR1_2024_3285,4,2024-10-07 00:00:00,,,
PR1_2024_3286,4,2024-10-08 00:00:00,,,
PR1_2024_3287,4,2024-10-09 00:00:00,,,
PR1_2024_3288,4,2024-10-11 00:00:00,,,
PR1_2024_3289,4,2024-10-12 00:00:00,,,
PR1_2024_3290,4,2024-10-12 00:00:00,,,
PR1_2024_3291,4,2024-10-14 00:00:00,,,
PR1_2024_3292,4,2024-10-14 00:00:00,,,
PR1_2024_3293,4,2024-10-15 00:00:00,,,
PR1_2024_3294,4,2024-10-16 00:00:00,,,
PR1_2024_3295,4,2024-10-18 00:00:00,,,
PR1_2024_3296,4,2024-10-19 00:00:00,,,
PR1_2024_3297,4,2024-10-20 00:00:00,,,
PR1_2024_3298,4,2024-10-21 00:00:00,,,
PR1_2024_3299,4,2024-10-22 00:00:00,,,
PR1_2024_3300,4,2024-10-23 00:00:00,,,
PR1_2024_3301,4,2024-10-23 00:00:00,,,
PR1_2024_3302,4,2024-10-24 00:00:00,,,
PR1_2024_3303,4,2024-10-25 00:00:00,,,
PR1_2024_3304,4,2024-10-26 00:00:00,,,
PR1_2024_3305,4,2024-10-27 00:00:00,,,
PR1_2024_3306,4,2024-10-28 00:00:00,,,
PR1_2024_3307,4,2024-10-29 00:00:00,,,
PR1_2024_3308,4,2024-10-30 00:00:00,,,
PR1_2024_3309,4,2024-10-31 00:00:00,,,
PR1_2024_3310,4,2024-11-01 00:00:00,,,
PR1_2024_3311,4,2024-11-02 00:00:00,,,
PR1_2024_3312,4,2024-11-03 00:00:00,,,
PR1_2024_3313,4,2024-11-04 00:00:00,,,
PR1_2024_3314,4,2024-11-05 00:00:00,,,
PR1_2024_3315,4,2024-11-07 00:00:00,,,
PR1_2024_3316,4,2024-11-08 00:00:00,,,
PR1_2024_3317,4,2024-11-09 00:00:00,,,
PR1_2024_3318,4,2024-11-10 00:00:00,,,
PR1_2024_3319,4,2024-11-11 00:00:00,,,
PR1_2024_3320,4,2024-11-12 00:00:00,,,
PR1_2024_3321,4,2024-11-13 00:00:00,,,
PR1_2024_3322,4,2024-11-13 00:00:00,,,
PR1_2024_3323,4,2024-11-14 00:00:00,,,
PR1_2024_3324,4,2024-11-15 00:00:00,,,
PR1_2024_3325,4,2024-11-16 00:00:00,,,
PR1_2024_3326,4,2024-11-17 00:00:00,,,
PR1_2024_3327,4,2024-11-18 00:00:00,,,
PR1_2024_3328,4,2024-11-19 00:00:00,,,
PR1_2024_3329,4,2024-11-20 00:00:00,,,
PR1_2024_3330,4,2024-11-21 00:00:00,,,
PR1_2024_3331,4,2024-11-22 00:00:00,,,
PR1_2024_3332,4,2024-11-23 00:00:00,,,
PR1_2024_3333,4,2024-11-24 00:00:00,,,
PR1_2024_3334,4,2024-11-25 00:00:00,,,
PR1_2024_3335,4,2024-11-26 00:00:00,,,
PR1_2024_3336,4,2024-11-27 00:00:00,,,
PR1_2024_3337,4,2024-11-28 00:00:00,,,
PR1_2024_3338,4,2024-11-29 00:00:00,,,
PR1_2024_3339,4,2024-11-30 00:00:00,,,
PR1_2024_3340,4,2024-12-01 00:00:00,,,
PR1_2024_3341,4,2024-12-02 00:00:00,,,
PR1_2024_3342,4,2024-12-03 00:00:00,,,
PR1_2024_3343,4,2024-12-04 00:00:00,,,
PR1_2024_3344,4,2024-12-05 00:00:00,,,
PR1_2024_3345,4,2024-12-06 00:00:00,,,
PR1_2024_3346,4,2024-12-07 00:00:00,,,
PR1_2024_3347,4,2024-12-08 00:00:00,,,
PR1_2024_3348,4,2024-12-09 00:00:00,,,
PR1_2024_3349,4,2024-12-10 00:00:00,,,
PR1_2024_3350,4,2024-12-11 00:00:00,,,
PR1_2024_3351,4,2024-12-12 00:00:00,,,
PR1_2024_3352,4,2024-12-13 00:00:00,,,
PR1_2024_3353,4,2024-12-14 00:00:00,,,
PR1_2024_3354,4,2024-12-15 00:00:00,,,
PR1_2024_3355,4,2024-12-16 00:00:00,,,
PR1_2024_3356,4,2024-12-17 00:00:00,,,
PR1_2024_3357,4,2024-12-17 00:00:00,,,
PR1_2024_3358,4,2024-12-18 00:00:00,,,
PR1_2024_3359,4,2024-12-20 00:00:00,,,
PR1_2024_3360,4,2024-12-21 00:00:00,,,
PR1_2024_3361,4,2024-12-22 00:00:00,,,
PR1_2024_3362,4,2024-12-22 00:00:00,,,
PR1_2024_3363,4,2024-12-23 00:00:00,,,
PR1_2024_3364,4,2024-12-24 00:00:00,,,
PR1_2024_3365,4,2024-12-25 00:00:00,,,
PR1_2024_3366,4,2024-12-27 00:00:00,,,
PR1_2024_3367,4,2024-12-28 00:00:00,,,
PR1_2024_3368,4,2024-12-29 00:00:00,,,
PR1_2024_3369,4,2024-12-30 00:00:00,,,
PR1_2024_3370,4,2024-12-31 00:00:00,,,
PR1_2024_3371,4,2025-01-01 00:00:00,,,
PR1_2024_3372,4,2025-01-02 00:00:00,,,
PR1_2024_3001,4,2025-01-03 00:00:00,,,
PR1_2024_3002,4,2025-01-04 00:00:00,,,
PR1_2024_3003,4,2025-01-05 00:00:00,,,
PR1_2024_3004,4,2025-01-06 00:00:00,,,
PR1_2024_3005,4,2025-01-07 00:00:00,,,
PR1_2024_3006,4,2025-01-08 00:00:00,,,
PR1_2025_3007,4,2025-01-09 00:00:00,,,
PR1_2025_3008,4,2025-01-10 00:00:00,,,
PR1_2025_3009,4,2025-01-11 00:00:00,,,
PR1_2025_3010,4,2025-01-11 00:00:00,,,
PR1_2025_3011,4,2025-01-12 00:00:00,,,
PR1_2025_3012,4,2025-01-13 00:00:00,,,
PR1_2025_3013,4,2025-01-14 00:00:00,,,
PR1_2025_3014,4,2025-01-15 00:00:00,,,
PR1_2025_3015,4,2025-01-16 00:00:00,,,
PR1_2025_3016,4,2025-01-17 00:00:00,,,
PR1_2025_3017,4,2025-01-18 00:00:00,,,
PR1_2025_3018,4,2025-01-19 00:00:00,,,
PR1_2025_3019,4,2025-01-20 00:00:00,,,
PR1_2025_3020,4,2025-01-21 00:00:00,,,
PR1_2025_3021,4,2025-01-22 00:00:00,,,
PR1_2025_3022,4,2025-01-23 00:00:00,,,
PR1_2025_3023,4,2025-01-24 00:00:00,,,
PR1_2025_3024,4,2025-01-25 00:00:00,,,
PR1_2025_3025,4,2025-01-26 00:00:00,,,
PR1_2025_3026,4,2025-01-28 00:00:00,,,
PR1_2025_3027,4,2025-01-29 00:00:00,,,
PR1_2025_3028,4,2025-01-30 00:00:00,,,
PR1_2025_3029,4,2025-01-31 00:00:00,,,
PR1_2025_3030,4,2025-02-01 00:00:00,,,
PR1_2025_3031,4,2025-02-02 00:00:00,,,
PR1_2025_3032,4,2025-02-03 00:00:00,,,
PR1_2025_3033,4,2025-02-04 00:00:00,,,
PR1_2025_3034,4,2025-02-05 00:00:00,,,
PR1_2025_3035,4,2025-02-06 00:00:00,,,
PR1_2025_3036,4,2025-02-07 00:00:00,,,
PR1_2025_3037,4,2025-02-08 00:00:00,,,
PR1_2025_3038,4,2025-02-09 00:00:00,,,
PR1_2025_3039,4,2025-02-10 00:00:00,,,
PR1_2025_3040,4,2025-02-11 00:00:00,,,
PR1_2025_3041,4,2025-02-12 00:00:00,,,
PR1_2025_3042,4,2025-02-13 00:00:00,,,
PR1_2025_3043,4,2025-02-14 00:00:00,,,
PR1_2025_3044,4,2025-02-15 00:00:00,,,
PR1_2025_3045,4,2025-02-16 00:00:00,,,
PR1_2025_3046,4,2025-02-17 00:00:00,,,
PR1_2025_3047,4,2025-02-18 00:00:00,,,
PR1_2025_3048,4,2025-02-19 00:00:00,,,
PR1_2025_3049,4,2025-02-20 00:00:00,,,
PR1_2025_3050,4,2025-02-21 00:00:00,,,
PR1_2025_3051,4,2025-02-22 00:00:00,,,
PR1_2025_3052,4,2025-02-23 00:00:00,,,
PR1_2025_3053,4,2025-02-24 00:00:00,,,
PR1_2025_3054,4,2025-02-25 00:00:00,,,
PR1_2025_3055,4,2025-02-26 00:00:00,,,
PR1_2025_3056,4,2025-02-27 00:00:00,,,
PR1_2025_3057,4,2025-02-27 00:00:00,,,
PR1_2025_3058,4,2025-02-28 00:00:00,,,
PR1_2025_3059,4,2025-03-01 00:00:00,,,
PR1_2025_3060,4,2025-03-02 00:00:00,,,
PR1_2025_3061,4,2025-03-03 00:00:00,,,
PR1_2025_3062,4,2025-03-04 00:00:00,,,
PR1_2025_3063,4,2025-03-05 00:00:00,,,
PR1_2025_3064,4,2025-03-06 00:00:00,,,
PR1_2025_3065,4,2025-03-07 00:00:00,,,
PR1_2025_3066,4,2025-03-08 00:00:00,,,
PR1_2025_3067,4,2025-03-09 00:00:00,,,
PR1_2025_3068,4,2025-03-10 00:00:00,,,
PR1_2025_3069,4,2025-03-11 00:00:00,,,
PR1_2025_3070,4,2025-03-12 00:00:00,,,
PR1_2025_3071,4,2025-03-13 00:00:00,,,
PR1_2025_3072,4,2025-03-14 00:00:00,,,
PR1_2025_3073,4,2025-03-15 00:00:00,,,
PR1_2025_3074,4,2025-03-16 00:00:00,,,
PR1_2025_3075,4,2025-03-17 00:00:00,,,
PR1_2025_3076,4,2025-03-18 00:00:00,,,
PR1_2025_3077,4,2025-03-19 00:00:00,,,
PR1_2025_3078,4,2025-03-20 00:00:00,,,
PR1_2025_3079,4,2025-03-21 00:00:00,,,
PR1_2025_3080,4,2025-03-22 00:00:00,,,
PR1_2025_3081,4,2025-03-23 00:00:00,,,
PR1_2025_3082,4,2025-03-24 00:00:00,,,
PR1_2025_3083,4,2025-03-25 00:00:00,,,
PR1_2025_3084,4,2025-03-26 00:00:00,,,
PR1_2025_3085,4,2025-03-27 00:00:00,,,
PR1_2025_3086,4,2025-03-28 00:00:00,,,
PR1_2025_3087,4,2025-03-29 00:00:00,,,
PR1_2025_3088,4,2025-03-30 00:00:00,,,
PR1_2025_3089,4,2025-03-31 00:00:00,,,
PR1_2025_3090,4,2025-04-01 00:00:00,,,
PR1_2025_3091,4,2025-04-02 00:00:00,,,
PR1_2025_3092,4,2025-04-03 00:00:00,,,
PR1_2025_3093,4,2025-04-03 00:00:00,,,
PR1_2025_3094,4,2025-04-04 00:00:00,,,
PR1_2025_3095,4,2025-04-05 00:00:00,,,
PR1_2025_3096,4,2025-04-06 00:00:00,,,
PR1_2025_3097,4,2025-04-07 00:00:00,,,
PR1_2025_3098,4,2025-04-08 00:00:00,,,
PR1_2025_3099,4,2025-04-09 00:00:00,,,
PR1_2025_3100,4,2025-04-10 00:00:00,,,
PR1_2025_3101,4,2025-04-11 00:00:00,,,
PR1_2025_3102,4,2025-04-12 00:00:00,,,
PR1_2025_3103,4,2025-04-13 00:00:00,,,
PR1_2025_3104,4,2025-04-14 00:00:00,,,
PR1_2025_3105,4,2025-04-14 00:00:00,,,
ST2_2024_01_742,5,2024-01-01 00:00:00,,,
ST2_2024_01_743,5,2024-01-02 00:00:00,,,
ST2_2024_01_744,5,2024-01-03 00:00:00,,,
ST2_2024_01_745,5,2024-01-04 00:00:00,,,
ST2_2024_01_746,5,2024-01-05 00:00:00,,,
ST2_2024_01_747,5,2024-01-06 00:00:00,,,
ST2_2024_01_748,5,2024-01-07 00:00:00,,,
ST2_2024_01_749,5,2024-01-08 00:00:00,,,
ST2_2024_01_750,5,2024-01-09 00:00:00,,,
ST2_2024_01_751,5,2024-01-10 00:00:00,,,
ST2_2024_01_752,5,2024-01-11 00:00:00,,,
ST2_2024_01_753,5,2024-01-12 00:00:00,,,
ST2_2024_01_754,5,2024-01-13 00:00:00,,,
ST2_2024_01_755,5,2024-01-14 00:00:00,,,
ST2_2024_01_756,5,2024-01-15 00:00:00,,,
ST2_2024_01_757,5,2024-01-16 00:00:00,,,
ST2_2024_01_758,5,2024-01-17 00:00:00,,,
ST2_2024_01_759,5,2024-01-18 00:00:00,,,
ST2_2024_01_760,5,2024-01-19 00:00:00,,,
ST2_2024_01_761,5,2024-01-20 00:00:00,,,
ST2_2024_01_762,5,2024-01-21 00:00:00,,,
ST2_2024_01_763,5,2024-01-22 00:00:00,,,
ST2_2024_01_764,5,2024-01-23 00:00:00,,,
ST2_2024_01_765,5,2024-01-24 00:00:00,,,
ST2_2024_01_766,5,2024-01-25 00:00:00,,,
ST2_2024_01_767,5,2024-01-26 00:00:00,,,
ST2_2024_01_768,5,2024-01-27 00:00:00,,,
ST2_2024_01_769,5,2024-01-28 00:00:00,,,
ST2_2024_01_770,5,2024-01-29 00:00:00,,,
ST2_2024_01_771,5,2024-01-30 00:00:00,,,
ST2_2024_01_772,5,2024-01-31 00:00:00,,,
ST2_2024_01_773,5,2024-02-01 00:00:00,,,
ST2_2024_01_774,5,2024-02-02 00:00:00,,,
ST2_2024_01_775,5,2024-02-03 00:00:00,,,
ST2_2024_01_776,5,2024-02-04 00:00:00,,,
ST2_2024_01_777,5,2024-02-05 00:00:00,,,
ST2_2024_01_778,5,2024-02-06 00:00:00,,,
ST2_2024_01_779,5,2024-02-07 00:00:00,,,
ST2_2024_01_780,5,2024-02-08 00:00:00,,,
ST2_2024_01_781,5,2024-02-09 00:00:00,,,
ST2_2024_02_782,5,2024-02-10 00:00:00,,,
ST2_2024_02_783,5,2024-02-11 00:00:00,,,
ST2_2024_02_784,5,2024-02-12 00:00:00,,,
ST2_2024_02_785,5,2024-02-13 00:00:00,,,
ST2_2024_02_786,5,2024-02-14 00:00:00,,,
ST2_2024_02_787,5,2024-02-15 00:00:00,,,
ST2_2024_02_788,5,2024-02-16 00:00:00,,,
ST2_2024_02_789,5,2024-02-17 00:00:00,,,
ST2_2024_02_790,5,2024-02-18 00:00:00,,,
ST2_2024_02_791,5,2024-02-19 00:00:00,,,
ST2_2024_02_792,5,2024-02-20 00:00:00,,,
ST2_2024_02_793,5,2024-02-21 00:00:00,,,
ST2_2024_02_794,5,2024-02-22 00:00:00,,,
ST2_2024_02_795,5,2024-02-23 00:00:00,,,
ST2_2024_02_796,5,2024-02-24 00:00:00,,,
ST2_2024_02_797,5,2024-02-25 00:00:00,,,
ST2_2024_02_798,5,2024-02-26 00:00:00,,,
ST2_2024_02_799,5,2024-02-27 00:00:00,,,
ST2_2024_02_800,5,2024-02-28 00:00:00,,,
ST2_2024_02_801,5,2024-02-29 00:00:00,,,
ST2_2024_02_802,5,2024-03-01 00:00:00,,,
ST2_2024_02_510,5,2024-03-02 00:00:00,,,
ST2_2024_02_511,5,2024-03-03 00:00:00,,,
ST2_2024_02_512,5,2024-03-04 00:00:00,,,
ST2_2024_02_513,5,2024-03-05 00:00:00,,,
ST2_2024_02_514,5,2024-03-06 00:00:00,,,
ST2_2024_02_515,5,2024-03-07 00:00:00,,,
ST2_2024_02_809,5,2024-03-08 00:00:00,,,
ST2_2024_02_810,5,2024-03-08 00:00:00,,,
ST2_2024_03_811,5,2024-03-09 00:00:00,,,
ST2_2024_03_812,5,2024-03-10 00:00:00,,,
ST2_2024_03_813,5,2024-03-11 00:00:00,,,
ST2_2024_03_814,5,2024-03-12 00:00:00,,,
ST2_2024_03_815,5,2024-03-13 00:00:00,,,
ST2_2024_03_816,5,2024-03-14 00:00:00,,,
ST2_2024_03_817,5,2024-03-15 00:00:00,,,
ST2_2024_03_818,5,2024-03-16 00:00:00,,,
ST2_2024_03_819,5,2024-03-17 00:00:00,,,
ST2_2024_03_820,5,2024-03-18 00:00:00,,,
ST2_2024_03_821,5,2024-03-19 00:00:00,,,
ST2_2024_03_822,5,2024-03-20 00:00:00,,,
ST2_2024_03_823,5,2024-03-20 00:00:00,,,
ST2_2024_03_824,5,2024-03-21 00:00:00,,,
ST2_2024_03_825,5,2024-03-22 00:00:00,,,
ST2_2024_03_826,5,2024-03-23 00:00:00,,,
ST2_2024_03_827,5,2024-03-24 00:00:00,,,
ST2_2024_03_828,5,2024-03-25 00:00:00,,,
ST2_2024_03_829,5,2024-03-26 00:00:00,,,
ST2_2024_03_830,5,2024-03-27 00:00:00,,,
ST2_2024_03_831,5,2024-03-28 00:00:00,,,
ST2_2024_03_832,5,2024-03-29 00:00:00,,,
ST2_2024_03_833,5,2024-03-30 00:00:00,,,
ST2_2024_03_834,5,2024-03-31 00:00:00,,,
ST2_2024_03_835,5,2024-03-31 00:00:00,,,
ST2_2024_03_836,5,2024-04-01 00:00:00,,,
ST2_2024_03_837,5,2024-04-02 00:00:00,,,
ST2_2024_03_838,5,2024-04-03 00:00:00,,,
ST2_2024_03_839,5,2024-04-04 00:00:00,,,
ST2_2024_03_840,5,2024-04-05 00:00:00,,,
ST2_2024_03_841,5,2024-04-06 00:00:00,,,
ST2_2024_03_842,5,2024-04-07 00:00:00,,,
ST2_2024_03_843,5,2024-04-08 00:00:00,,,
ST2_2024_04_844,5,2024-04-09 00:00:00,,,
ST2_2024_04_845,5,2024-04-10 00:00:00,,,
ST2_2024_04_846,5,2024-04-11 00:00:00,,,
ST2_2024_04_847,5,2024-04-12 00:00:00,,,
ST2_2024_04_848,5,2024-04-13 00:00:00,,,
ST2_2024_04_849,5,2024-04-14 00:00:00,,,
ST2_2024_04_850,5,2024-04-15 00:00:00,,,
ST2_2024_04_851,5,2024-04-15 00:00:00,,,
ST2_2024_04_852,5,2024-04-16 00:00:00,,,
ST2_2024_04_853,5,2024-04-17 00:00:00,,,
ST2_2024_04_854,5,2024-04-18 00:00:00,,,
ST2_2024_04_855,5,2024-04-19 00:00:00,,,
ST2_2024_04_856,5,2024-04-20 00:00:00,,,
ST2_2024_04_857,5,2024-04-21 00:00:00,,,
ST2_2024_04_858,5,2024-04-22 00:00:00,,,
ST2_2024_04_859,5,2024-04-23 00:00:00,,,
ST2_2024_04_860,5,2024-04-24 00:00:00,,,
ST2_2024_04_861,5,2024-04-25 00:00:00,,,
ST2_2024_04_862,5,2024-04-26 00:00:00,,,
ST2_2024_04_863,5,2024-04-27 00:00:00,,,
ST2_2024_04_864,5,2024-04-28 00:00:00,,,
ST2_2024_04_865,5,2024-04-29 00:00:00,,,
ST2_2024_04_866,5,2024-04-30 00:00:00,,,
ST2_2024_04_867,5,2024-05-01 00:00:00,,,
ST2_2024_04_868,5,2024-05-02 00:00:00,,,
ST2_2024_04_869,5,2024-05-03 00:00:00,,,
ST2_2024_04_870,5,2024-05-04 00:00:00,,,
ST2_2024_04_871,5,2024-05-04 00:00:00,,,
ST2_2024_04_872,5,2024-05-05 00:00:00,,,
ST2_2024_04_873,5,2024-05-06 00:00:00,,,
ST2_2024_04_874,5,2024-05-07 00:00:00,,,
ST2_2024_04_875,5,2024-05-08 00:00:00,,,
ST2_2024_05_876,5,2024-05-09 00:00:00,,,
ST2_2024_05_877,5,2024-05-10 00:00:00,,,
ST2_2024_05_878,5,2024-05-11 00:00:00,,,
ST2_2024_05_879,5,2024-05-12 00:00:00,,,
ST2_2024_05_880,5,2024-05-13 00:00:00,,,
ST2_2024_05_881,5,2024-05-14 00:00:00,,,
ST2_2024_05_882,5,2024-05-15 00:00:00,,,
ST2_2024_05_883,5,2024-05-16 00:00:00,,,
ST2_2024_05_884,5,2024-05-16 00:00:00,,,
ST2_2024_05_885,5,2024-05-18 00:00:00,,,
ST2_2024_05_886,5,2024-05-18 00:00:00,,,
ST2_2024_05_887,5,2024-05-19 00:00:00,,,
ST2_2024_05_888,5,2024-05-20 00:00:00,,,
ST2_2024_05_889,5,2024-05-21 00:00:00,,,
ST2_2024_05_890,5,2024-05-22 00:00:00,,,
ST2_2024_05_891,5,2024-05-23 00:00:00,,,
ST2_2024_05_892,5,2024-05-24 00:00:00,,,
ST2_2024_05_893,5,2024-05-25 00:00:00,,,
ST2_2024_05_894,5,2024-05-26 00:00:00,,,
ST2_2024_05_895,5,2024-05-27 00:00:00,,,
ST2_2024_05_896,5,2024-05-28 00:00:00,,,
ST2_2024_05_897,5,2024-05-29 00:00:00,,,
ST2_2024_05_898,5,2024-05-29 00:00:00,,,
ST2_2024_05_899,5,2024-05-31 00:00:00,,,
ST2_2024_05_900,5,2024-06-01 00:00:00,,,
ST2_2024_05_901,5,2024-06-02 00:00:00,,,
ST2_2024_05_902,5,2024-06-03 00:00:00,,,
ST2_2024_05_903,5,2024-06-04 00:00:00,,,
ST2_2024_05_904,5,2024-06-04 00:00:00,,,
ST2_2024_05_905,5,2024-06-05 00:00:00,,,
ST2_2024_05_906,5,2024-06-06 00:00:00,,,
ST2_2024_05_907,5,2024-06-07 00:00:00,,,
ST2_2024_05_908,5,2024-06-08 00:00:00,,,
ST2_2024_06_909,5,2024-06-09 00:00:00,,,
ST2_2024_06_910,5,2024-06-10 00:00:00,,,
ST2_2024_06_911,5,2024-06-11 00:00:00,,,
ST2_2024_06_912,5,2024-06-12 00:00:00,,,
ST2_2024_06_913,5,2024-06-13 00:00:00,,,
ST2_2024_06_914,5,2024-06-14 00:00:00,,,
ST2_2024_06_915,5,2024-06-15 00:00:00,,,
ST2_2024_06_916,5,2024-06-16 00:00:00,,,
ST2_2024_06_917,5,2024-06-17 00:00:00,,,
ST2_2024_06_918,5,2024-06-18 00:00:00,,,
ST2_2024_06_919,5,2024-06-19 00:00:00,,,
ST2_2024_06_920,5,2024-06-20 00:00:00,,,
ST2_2024_06_921,5,2024-06-20 00:00:00,,,
ST2_2024_06_922,5,2024-06-21 00:00:00,,,
ST2_2024_06_923,5,2024-06-23 00:00:00,,,
ST2_2024_06_924,5,2024-06-23 00:00:00,,,
ST2_2024_06_925,5,2024-06-25 00:00:00,,,
ST2_2024_06_926,5,2024-06-25 00:00:00,,,
ST2_2024_06_927,5,2024-06-26 00:00:00,,,
ST2_2024_06_928,5,2024-06-27 00:00:00,,,
ST2_2024_06_929,5,2024-06-28 00:00:00,,,
ST2_2024_06_930,5,2024-06-29 00:00:00,,,
ST2_2024_06_931,5,2024-06-30 00:00:00,,,
ST2_2024_06_932,5,2024-07-01 00:00:00,,,
ST2_2024_06_933,5,2024-07-02 00:00:00,,,
ST2_2024_06_934,5,2024-07-03 00:00:00,,,
ST2_2024_06_935,5,2024-07-04 00:00:00,,,
ST2_2024_06_936,5,2024-07-05 00:00:00,,,
ST2_2024_06_937,5,2024-07-06 00:00:00,,,
ST2_2024_06_938,5,2024-07-07 00:00:00,,,
ST2_2024_06_939,5,2024-07-08 00:00:00,,,
ST2_2024_07_940,5,2024-07-09 00:00:00,,,
ST2_2024_07_941,5,2024-07-10 00:00:00,,,
ST2_2024_07_942,5,2024-07-11 00:00:00,,,
ST2_2024_07_943,5,2024-07-12 00:00:00,,,
ST2_2024_07_944,5,2024-07-13 00:00:00,,,
ST2_2024_07_945,5,2024-07-14 00:00:00,,,
ST2_2024_07_946,5,2024-07-14 00:00:00,,,
ST2_2024_07_947,5,2024-07-16 00:00:00,,,
ST2_2024_07_948,5,2024-07-16 00:00:00,,,
ST2_2024_07_949,5,2024-07-17 00:00:00,,,
ST2_2024_07_950,5,2024-07-18 00:00:00,,,
ST2_2024_07_951,5,2024-07-19 00:00:00,,,
ST2_2024_07_952,5,2024-07-20 00:00:00,,,
ST2_2024_07_953,5,2024-07-21 00:00:00,,,
ST2_2024_07_954,5,2024-07-22 00:00:00,,,
ST2_2024_07_955,5,2024-07-23 00:00:00,,,
ST2_2024_07_956,5,2024-07-24 00:00:00,,,
ST2_2024_07_957,5,2024-07-25 00:00:00,,,
ST2_2024_07_958,5,2024-07-26 00:00:00,,,
ST2_2024_07_959,5,2024-07-27 00:00:00,,,
ST2_2024_07_960,5,2024-07-28 00:00:00,,,
ST2_2024_07_961,5,2024-07-29 00:00:00,,,
ST2_2024_07_962,5,2024-07-30 00:00:00,,,
ST2_2024_07_963,5,2024-07-31 00:00:00,,,
ST2_2024_07_964,5,2024-08-01 00:00:00,,,
ST2_2024_07_965,5,2024-08-01 00:00:00,,,
ST2_2024_07_966,5,2024-08-03 00:00:00,,,
ST2_2024_07_967,5,2024-08-04 00:00:00,,,
ST2_2024_07_968,5,2024-08-05 00:00:00,,,
ST2_2024_07_969,5,2024-08-06 00:00:00,,,
ST2_2024_07_970,5,2024-08-07 00:00:00,,,
ST2_2024_07_971,5,2024-08-08 00:00:00,,,
ST2_2024_07_972,5,2024-08-09 00:00:00,,,
ST2_2024_08_973,5,2024-08-09 00:00:00,,,
ST2_2024_08_974,5,2024-08-10 00:00:00,,,
ST2_2024_08_975,5,2024-08-11 00:00:00,,,
ST2_2024_08_976,5,2024-08-12 00:00:00,,,
ST2_2024_08_977,5,2024-08-14 00:00:00,,,
ST2_2024_08_978,5,2024-08-14 00:00:00,,,
ST2_2024_08_979,5,2024-08-16 00:00:00,,,
ST2_2024_08_980,5,2024-08-16 00:00:00,,,
ST2_2024_08_981,5,2024-08-18 00:00:00,,,
ST2_2024_08_982,5,2024-08-18 00:00:00,,,
ST2_2024_08_983,5,2024-08-19 00:00:00,,,
ST2_2024_08_984,5,2024-08-21 00:00:00,,,
ST2_2024_08_985,5,2024-08-22 00:00:00,,,
ST2_2024_08_986,5,2024-08-23 00:00:00,,,
ST2_2024_08_987,5,2024-08-24 00:00:00,,,
ST2_2024_08_988,5,2024-08-25 00:00:00,,,
ST2_2024_08_989,5,2024-08-26 00:00:00,,,
ST2_2024_08_990,5,2024-08-27 00:00:00,,,
ST2_2024_08_991,5,2024-08-28 00:00:00,,,
ST2_2024_08_992,5,2024-08-29 00:00:00,,,
ST2_2024_08_993,5,2024-08-30 00:00:00,,,
ST2_2024_08_994,5,2024-08-31 00:00:00,,,
ST2_2024_08_995,5,2024-09-01 00:00:00,,,
ST2_2024_08_996,5,2024-09-02 00:00:00,,,
ST2_2024_08_997,5,2024-09-03 00:00:00,,,
ST2_2024_08_998,5,2024-09-04 00:00:00,,,
ST2_2024_08_999,5,2024-09-05 00:00:00,,,
ST2_2024_08_001,5,2024-09-06 00:00:00,,,
ST2_2024_08_002,5,2024-09-07 00:00:00,,,
ST2_2024_08_003,5,2024-09-08 00:00:00,,,
ST2_2024_09_004,5,2024-09-09 00:00:00,,,
ST2_2024_09_005,5,2024-09-10 00:00:00,,,
ST2_2024_09_006,5,2024-09-11 00:00:00,,,
ST2_2024_09_007,5,2024-09-12 00:00:00,,,
ST2_2024_09_008,5,2024-09-13 00:00:00,,,
ST2_2024_09_009,5,2024-09-14 00:00:00,,,
ST2_2024_09_010,5,2024-09-15 00:00:00,,,
ST2_2024_09_011,5,2024-09-16 00:00:00,,,
ST2_2024_09_012,5,2024-09-17 00:00:00,,,
ST2_2024_09_013,5,2024-09-17 00:00:00,,,
ST2_2024_09_014,5,2024-09-18 00:00:00,,,
ST2_2024_09_015,5,2024-09-19 00:00:00,,,
ST2_2024_09_016,5,2024-09-20 00:00:00,,,
ST2_2024_09_017,5,2024-09-21 00:00:00,,,
ST2_2024_09_018,5,2024-09-22 00:00:00,,,
ST2_2024_09_019,5,2024-09-23 00:00:00,,,
ST2_2024_09_020,5,2024-09-24 00:00:00,,,
ST2_2024_09_021,5,2024-09-25 00:00:00,,,
ST2_2024_09_022,5,2024-09-26 00:00:00,,,
ST2_2024_09_023,5,2024-09-27 00:00:00,,,
ST2_2024_09_024,5,2024-09-28 00:00:00,,,
ST2_2024_09_025,5,2024-09-29 00:00:00,,,
ST2_2024_09_026,5,2024-09-30 00:00:00,,,
ST2_2024_09_027,5,2024-10-01 00:00:00,,,
ST2_2024_09_028,5,2024-10-02 00:00:00,,,
ST2_2024_09_029,5,2024-10-03 00:00:00,,,
ST2_2024_09_030,5,2024-10-04 00:00:00,,,
ST2_2024_09_031,5,2024-10-05 00:00:00,,,
ST2_2024_09_032,5,2024-10-06 00:00:00,,,
ST2_2024_09_033,5,2024-10-06 00:00:00,,,
ST2_2024_09_034,5,2024-10-07 00:00:00,,,
ST2_2024_10_035,5,2024-10-08 00:00:00,,,
ST2_2024_10_036,5,2024-10-09 00:00:00,,,
ST2_2024_10_037,5,2024-10-10 00:00:00,,,
ST2_2024_10_038,5,2024-10-11 00:00:00,,,
ST2_2024_10_039,5,2024-10-12 00:00:00,,,
ST2_2024_10_040,5,2024-10-13 00:00:00,,,
ST2_2024_10_041,5,2024-10-14 00:00:00,,,
ST2_2024_10_042,5,2024-10-14 00:00:00,,,
ST2_2024_10_043,5,2024-10-15 00:00:00,,,
ST2_2024_10_044,5,2024-10-16 00:00:00,,,
ST2_2024_10_045,5,2024-10-17 00:00:00,,,
ST2_2024_10_046,5,2024-10-18 00:00:00,,,
ST2_2024_10_047,5,2024-10-19 00:00:00,,,
ST2_2024_10_048,5,2024-10-20 00:00:00,,,
ST2_2024_10_049,5,2024-10-21 00:00:00,,,
ST2_2024_10_050,5,2024-10-22 00:00:00,,,
ST2_2024_10_051,5,2024-10-23 00:00:00,,,
ST2_2024_10_052,5,2024-10-23 00:00:00,,,
ST2_2024_10_053,5,2024-10-24 00:00:00,,,
ST2_2024_10_054,5,2024-10-25 00:00:00,,,
ST2_2024_10_055,5,2024-10-26 00:00:00,,,
ST2_2024_10_056,5,2024-10-27 00:00:00,,,
ST2_2024_10_057,5,2024-10-28 00:00:00,,,
ST2_2024_10_058,5,2024-10-29 00:00:00,,,
ST2_2024_10_059,5,2024-10-30 00:00:00,,,
ST2_2024_10_060,5,2024-10-31 00:00:00,,,
ST2_2024_10_061,5,2024-11-01 00:00:00,,,
ST2_2024_10_062,5,2024-11-01 00:00:00,,,
ST2_2024_10_063,5,2024-11-02 00:00:00,,,
ST2_2024_10_064,5,2024-11-03 00:00:00,,,
ST2_2024_10_065,5,2024-11-04 00:00:00,,,
ST2_2024_10_066,5,2024-11-05 00:00:00,,,
ST2_2024_10_067,5,2024-11-06 00:00:00,,,
ST2_2024_10_068,5,2024-11-07 00:00:00,,,
ST2_2024_10_069,5,2024-11-08 00:00:00,,,
ST2_2024_11_070,5,2024-11-09 00:00:00,,,
ST2_2024_11_071,5,2024-11-10 00:00:00,,,
ST2_2024_11_072,5,2024-11-11 00:00:00,,,
ST2_2024_11_073,5,2024-11-12 00:00:00,,,
ST2_2024_11_074,5,2024-11-12 00:00:00,,,
ST2_2024_11_075,5,2024-11-13 00:00:00,,,
ST2_2024_11_076,5,2024-11-14 00:00:00,,,
ST2_2024_11_077,5,2024-11-15 00:00:00,,,
ST2_2024_11_078,5,2024-11-16 00:00:00,,,
ST2_2024_11_079,5,2024-11-17 00:00:00,,,
ST2_2024_11_080,5,2024-11-18 00:00:00,,,
ST2_2024_11_081,5,2024-11-19 00:00:00,,,
ST2_2024_11_082,5,2024-11-20 00:00:00,,,
ST2_2024_11_083,5,2024-11-21 00:00:00,,,
ST2_2024_11_084,5,2024-11-21 00:00:00,,,
ST2_2024_11_085,5,2024-11-22 00:00:00,,,
ST2_2024_11_086,5,2024-11-23 00:00:00,,,
ST2_2024_11_087,5,2024-11-24 00:00:00,,,
ST2_2024_11_088,5,2024-11-25 00:00:00,,,
ST2_2024_11_089,5,2024-11-26 00:00:00,,,
ST2_2024_11_090,5,2024-11-27 00:00:00,,,
ST2_2024_11_091,5,2024-11-28 00:00:00,,,
ST2_2024_11_092,5,2024-11-29 00:00:00,,,
ST2_2024_11_093,5,2024-11-30 00:00:00,,,
ST2_2024_11_094,5,2024-11-30 00:00:00,,,
ST2_2024_11_095,5,2024-12-01 00:00:00,,,
ST2_2024_11_096,5,2024-12-02 00:00:00,,,
ST2_2024_11_097,5,2024-12-03 00:00:00,,,
ST2_2024_11_098,5,2024-12-04 00:00:00,,,
ST2_2024_11_099,5,2024-12-05 00:00:00,,,
ST2_2024_11_100,5,2024-12-06 00:00:00,,,
ST2_2024_11_101,5,2024-12-07 00:00:00,,,
ST2_2024_11_102,5,2024-12-08 00:00:00,,,
ST2_2024_12_103,5,2024-12-09 00:00:00,,,
ST2_2024_12_104,5,2024-12-10 00:00:00,,,
ST2_2024_12_105,5,2024-12-11 00:00:00,,,
ST2_2024_12_106,5,2024-12-11 00:00:00,,,
ST2_2024_12_107,5,2024-12-13 00:00:00,,,
ST2_2024_12_108,5,2024-12-14 00:00:00,,,
ST2_2024_12_109,5,2024-12-14 00:00:00,,,
ST2_2024_12_110,5,2024-12-15 00:00:00,,,
ST2_2024_12_111,5,2024-12-16 00:00:00,,,
ST2_2024_12_112,5,2024-12-17 00:00:00,,,
ST2_2024_12_113,5,2024-12-18 00:00:00,,,
ST2_2024_12_114,5,2024-12-19 00:00:00,,,
ST2_2024_12_115,5,2024-12-20 00:00:00,,,
ST2_2024_12_116,5,2024-12-21 00:00:00,,,
ST2_2024_12_117,5,2024-12-21 00:00:00,,,
ST2_2024_12_118,5,2024-12-22 00:00:00,,,
ST2_2024_12_119,5,2024-12-23 00:00:00,,,
ST2_2024_12_120,5,2024-12-26 00:00:00,,,
ST2_2024_12_121,5,2024-12-24 00:00:00,,,
ST2_2024_12_122,5,2024-12-25 00:00:00,,,
ST2_2024_12_123,5,2024-12-27 00:00:00,,,
ST2_2024_12_124,5,2024-12-28 00:00:00,,,
ST2_2024_12_125,5,2024-12-29 00:00:00,,,
ST2_2024_12_126,5,2024-12-30 00:00:00,,,
ST2_2024_12_127,5,2024-12-31 00:00:00,,,
ST2_2024_12_128,5,2024-12-31 00:00:00,,,
ST2_2024_12_129,5,2025-01-01 00:00:00,,,
ST2_2024_12_130,5,2025-01-02 00:00:00,,,
ST2_2024_12_131,5,2025-01-03 00:00:00,,,
ST2_2024_12_132,5,2025-01-04 00:00:00,,,
ST2_2024_12_133,5,2025-01-05 00:00:00,,,
ST2_2024_12_134,5,2025-01-06 00:00:00,,,
ST2_2024_12_135,5,2025-01-07 00:00:00,,,
ST2_2024_12_136,5,2025-01-08 00:00:00,,,
ST2_2025_01_137,5,2025-01-09 00:00:00,,,
ST2_2025_01_138,5,2025-01-10 00:00:00,,,
ST2_2025_01_139,5,2025-01-10 00:00:00,,,
ST2_2025_01_140,5,2025-01-11 00:00:00,,,
ST2_2025_01_141,5,2025-01-12 00:00:00,,,
ST2_2025_01_142,5,2025-01-13 00:00:00,,,
ST2_2025_01_143,5,2025-01-14 00:00:00,,,
ST2_2025_01_144,5,2025-01-15 00:00:00,,,
ST2_2025_01_145,5,2025-01-16 00:00:00,,,
ST2_2025_01_146,5,2025-01-17 00:00:00,,,
ST2_2025_01_147,5,2025-01-18 00:00:00,,,
ST2_2025_01_148,5,2025-01-19 00:00:00,,,
ST2_2025_01_149,5,2025-01-20 00:00:00,,,
ST2_2025_01_150,5,2025-01-20 00:00:00,,,
ST2_2025_01_151,5,2025-01-21 00:00:00,,,
ST2_2025_01_152,5,2025-01-22 00:00:00,,,
ST2_2025_01_153,5,2025-01-23 00:00:00,,,
ST2_2025_01_154,5,2025-01-24 00:00:00,,,
ST2_2025_01_155,5,2025-01-25 00:00:00,,,
ST2_2025_01_156,5,2025-01-26 00:00:00,,,
ST2_2025_01_157,5,2025-01-27 00:00:00,,,
ST2_2025_01_158,5,2025-01-28 00:00:00,,,
ST2_2025_01_159,5,2025-01-28 00:00:00,,,
ST2_2025_01_160,5,2025-01-29 00:00:00,,,
ST2_2025_01_161,5,2025-01-30 00:00:00,,,
ST2_2025_01_162,5,2025-01-31 00:00:00,,,
ST2_2025_01_163,5,2025-02-01 00:00:00,,,
ST2_2025_01_164,5,2025-02-02 00:00:00,,,
ST2_2025_01_165,5,2025-02-03 00:00:00,,,
ST2_2025_01_166,5,2025-02-04 00:00:00,,,
ST2_2025_01_167,5,2025-02-05 00:00:00,,,
ST2_2025_01_168,5,2025-02-06 00:00:00,,,
ST2_2025_01_169,5,2025-02-06 00:00:00,,,
ST2_2025_01_170,5,2025-02-07 00:00:00,,,
ST2_2025_01_171,5,2025-02-08 00:00:00,,,
ST2_2025_02_172,5,2025-02-09 00:00:00,,,
ST2_2025_02_173,5,2025-02-10 00:00:00,,,
ST2_2025_02_174,5,2025-02-11 00:00:00,,,
ST2_2025_02_175,5,2025-02-12 00:00:00,,,
ST2_2025_02_176,5,2025-02-13 00:00:00,,,
ST2_2025_02_177,5,2025-02-14 00:00:00,,,
ST2_2025_02_178,5,2025-02-15 00:00:00,,,
ST2_2025_02_179,5,2025-02-16 00:00:00,,,
ST2_2025_02_180,5,2025-02-16 00:00:00,,,
ST2_2025_02_181,5,2025-02-17 00:00:00,,,
ST2_2025_02_182,5,2025-02-18 00:00:00,,,
ST2_2025_02_183,5,2025-02-19 00:00:00,,,
ST2_2025_02_184,5,2025-02-20 00:00:00,,,
ST2_2025_02_185,5,2025-02-21 00:00:00,,,
ST2_2025_02_186,5,2025-02-22 00:00:00,,,
ST2_2025_02_187,5,2025-02-23 00:00:00,,,
ST2_2025_02_188,5,2025-02-24 00:00:00,,,
ST2_2025_02_189,5,2025-02-25 00:00:00,,,
ST2_2025_02_190,5,2025-02-26 00:00:00,,,
ST2_2025_02_191,5,2025-02-27 00:00:00,,,
ST2_2025_02_192,5,2025-02-28 00:00:00,,,
ST2_2025_02_193,5,2025-03-01 00:00:00,,,
ST2_2025_02_194,5,2025-03-01 00:00:00,,,
ST2_2025_02_195,5,2025-03-02 00:00:00,,,
ST2_2025_02_196,5,2025-03-03 00:00:00,,,
ST2_2025_02_197,5,2025-03-04 00:00:00,,,
ST2_2025_02_198,5,2025-03-05 00:00:00,,,
ST2_2025_02_199,5,2025-03-06 00:00:00,,,
ST2_2025_02_200,5,2025-03-07 00:00:00,,,
ST2_2025_02_201,5,2025-03-08 00:00:00,,,
ST2_2025_03_202,5,2025-03-09 00:00:00,,,
ST2_2025_03_203,5,2025-03-10 00:00:00,,,
ST2_2025_03_204,5,2025-03-10 00:00:00,,,
ST2_2025_03_205,5,2025-03-11 00:00:00,,,
ST2_2025_03_206,5,2025-03-12 00:00:00,,,
ST2_2025_03_207,5,2025-03-13 00:00:00,,,
ST2_2025_03_208,5,2025-03-14 00:00:00,,,
ST2_2025_03_209,5,2025-03-15 00:00:00,,,
ST2_2025_03_210,5,2025-03-16 00:00:00,,,
ST2_2025_03_211,5,2025-03-17 00:00:00,,,
ST2_2025_03_212,5,2025-03-17 00:00:00,,,
ST2_2025_03_213,5,2025-03-18 00:00:00,,,
ST2_2025_03_214,5,2025-03-19 00:00:00,,,
ST2_2025_03_215,5,2025-03-20 00:00:00,,,
ST2_2025_03_216,5,2025-03-21 00:00:00,,,
ST2_2025_03_217,5,2025-03-22 00:00:00,,,
ST2_2025_03_218,5,2025-03-23 00:00:00,,,
ST2_2025_03_219,5,2025-03-24 00:00:00,,,
ST2_2025_03_220,5,2025-03-25 00:00:00,,,
ST2_2025_03_221,5,2025-03-26 00:00:00,,,
ST2_2025_03_222,5,2025-03-27 00:00:00,,,
ST2_2025_03_223,5,2025-03-28 00:00:00,,,
ST2_2025_03_224,5,2025-03-28 00:00:00,,,
ST2_2025_03_225,5,2025-03-29 00:00:00,,,
ST2_2025_03_226,5,2025-03-30 00:00:00,,,
ST2_2025_03_227,5,2025-03-31 00:00:00,,,
ST2_2025_03_228,5,2025-04-01 00:00:00,,,
ST2_2025_03_229,5,2025-04-02 00:00:00,,,
ST2_2025_03_230,5,2025-04-03 00:00:00,,,
ST2_2025_03_231,5,2025-04-04 00:00:00,,,
ST2_2025_03_232,5,2025-04-05 00:00:00,,,
ST2_2025_03_233,5,2025-04-06 00:00:00,,,
ST2_2025_03_234,5,2025-04-07 00:00:00,,,
ST2_2025_03_235,5,2025-04-08 00:00:00,,,
ST2_2025_03_236,5,2025-04-09 00:00:00,,,
ST2_2025_04_237,5,2025-04-10 00:00:00,,,
